IndicatorCode,IndicatorLabel,Year,Countries_With_Data,Countries_Missing,Total_Records,Coverage_Pct
AIR_42,AmbientAirPollution_DeathRate_AgeStd_Per100k,2010,3384,0,188,1634.8
AIR_42,AmbientAirPollution_DeathRate_AgeStd_Per100k,2011,3384,0,188,1634.8
AIR_42,AmbientAirPollution_DeathRate_AgeStd_Per100k,2012,3384,0,188,1634.8
AIR_42,AmbientAirPollution_DeathRate_AgeStd_Per100k,2013,3384,0,188,1634.8
AIR_42,AmbientAirPollution_DeathRate_AgeStd_Per100k,2014,3384,0,188,1634.8
AIR_42,AmbientAirPollution_DeathRate_AgeStd_Per100k,2015,3384,0,188,1634.8
AIR_42,AmbientAirPollution_DeathRate_AgeStd_Per100k,2016,3384,0,188,1634.8
AIR_42,AmbientAirPollution_DeathRate_AgeStd_Per100k,2017,3384,0,188,1634.8
AIR_42,AmbientAirPollution_DeathRate_AgeStd_Per100k,2018,3384,0,188,1634.8
AIR_42,AmbientAirPollution_DeathRate_AgeStd_Per100k,2019,3384,0,188,1634.8
AIR_44,AmbientAirPollution_DALYs_AgeStd_Per100k,2012,194,0,194,93.7
BP_04,Hypertension_Raised_BP_AgeStd_Pct,2000,600,0,200,289.9
BP_04,Hypertension_Raised_BP_AgeStd_Pct,2001,600,0,200,289.9
BP_04,Hypertension_Raised_BP_AgeStd_Pct,2002,600,0,200,289.9
BP_04,Hypertension_Raised_BP_AgeStd_Pct,2003,600,0,200,289.9
BP_04,Hypertension_Raised_BP_AgeStd_Pct,2004,600,0,200,289.9
BP_04,Hypertension_Raised_BP_AgeStd_Pct,2005,600,0,200,289.9
BP_04,Hypertension_Raised_BP_AgeStd_Pct,2006,600,0,200,289.9
BP_04,Hypertension_Raised_BP_AgeStd_Pct,2007,600,0,200,289.9
BP_04,Hypertension_Raised_BP_AgeStd_Pct,2008,600,0,200,289.9
BP_04,Hypertension_Raised_BP_AgeStd_Pct,2009,600,0,200,289.9
BP_04,Hypertension_Raised_BP_AgeStd_Pct,2010,600,0,200,289.9
BP_04,Hypertension_Raised_BP_AgeStd_Pct,2011,600,0,200,289.9
BP_04,Hypertension_Raised_BP_AgeStd_Pct,2012,600,0,200,289.9
BP_04,Hypertension_Raised_BP_AgeStd_Pct,2013,600,0,200,289.9
BP_04,Hypertension_Raised_BP_AgeStd_Pct,2014,600,0,200,289.9
BP_04,Hypertension_Raised_BP_AgeStd_Pct,2015,600,0,200,289.9
BP_04,Hypertension_Raised_BP_AgeStd_Pct,2016,600,0,200,289.9
BP_04,Hypertension_Raised_BP_AgeStd_Pct,2017,600,0,200,289.9
BP_04,Hypertension_Raised_BP_AgeStd_Pct,2018,600,0,200,289.9
BP_04,Hypertension_Raised_BP_AgeStd_Pct,2019,600,0,200,289.9
BP_05,Mean_SystolicBP_Crude_mmHg,2000,360,26,193,173.9
BP_05,Mean_SystolicBP_Crude_mmHg,2001,360,26,193,173.9
BP_05,Mean_SystolicBP_Crude_mmHg,2002,360,26,193,173.9
BP_05,Mean_SystolicBP_Crude_mmHg,2003,360,26,193,173.9
BP_05,Mean_SystolicBP_Crude_mmHg,2004,360,26,193,173.9
BP_05,Mean_SystolicBP_Crude_mmHg,2005,360,26,193,173.9
BP_05,Mean_SystolicBP_Crude_mmHg,2006,360,26,193,173.9
BP_05,Mean_SystolicBP_Crude_mmHg,2007,360,26,193,173.9
BP_05,Mean_SystolicBP_Crude_mmHg,2008,360,26,193,173.9
BP_05,Mean_SystolicBP_Crude_mmHg,2009,360,26,193,173.9
BP_06,Mean_SystolicBP_AgeStd_mmHg,2000,380,8,194,183.6
BP_06,Mean_SystolicBP_AgeStd_mmHg,2001,380,8,194,183.6
BP_06,Mean_SystolicBP_AgeStd_mmHg,2002,380,8,194,183.6
BP_06,Mean_SystolicBP_AgeStd_mmHg,2003,380,8,194,183.6
BP_06,Mean_SystolicBP_AgeStd_mmHg,2004,380,8,194,183.6
BP_06,Mean_SystolicBP_AgeStd_mmHg,2005,380,8,194,183.6
BP_06,Mean_SystolicBP_AgeStd_mmHg,2006,380,8,194,183.6
BP_06,Mean_SystolicBP_AgeStd_mmHg,2007,380,8,194,183.6
BP_06,Mean_SystolicBP_AgeStd_mmHg,2008,380,8,194,183.6
BP_06,Mean_SystolicBP_AgeStd_mmHg,2009,380,8,194,183.6
BP_06,Mean_SystolicBP_AgeStd_mmHg,2010,380,8,194,183.6
BP_06,Mean_SystolicBP_AgeStd_mmHg,2011,380,8,194,183.6
BP_06,Mean_SystolicBP_AgeStd_mmHg,2012,380,8,194,183.6
BP_06,Mean_SystolicBP_AgeStd_mmHg,2013,380,8,194,183.6
BP_06,Mean_SystolicBP_AgeStd_mmHg,2014,380,8,194,183.6
BP_06,Mean_SystolicBP_AgeStd_mmHg,2015,380,8,194,183.6
CCO_2,Human_Development_Index_Rank,2012,184,0,184,88.9
CCO_2,Human_Development_Index_Rank,2014,185,0,185,89.4
CCO_3,Gender_Inequality_Index_Rank,2012,148,0,148,71.5
CCO_3,Gender_Inequality_Index_Rank,2014,155,37,192,74.9
CHOLERA_0000000001,Cholera_Reported_Cases_Count,2000,0,56,56,0.0
CHOLERA_0000000001,Cholera_Reported_Cases_Count,2001,0,59,59,0.0
CHOLERA_0000000001,Cholera_Reported_Cases_Count,2002,0,50,50,0.0
CHOLERA_0000000001,Cholera_Reported_Cases_Count,2003,0,44,44,0.0
CHOLERA_0000000001,Cholera_Reported_Cases_Count,2004,0,55,55,0.0
CHOLERA_0000000001,Cholera_Reported_Cases_Count,2005,0,70,70,0.0
CHOLERA_0000000001,Cholera_Reported_Cases_Count,2006,0,66,66,0.0
CHOLERA_0000000001,Cholera_Reported_Cases_Count,2007,0,59,59,0.0
CHOLERA_0000000001,Cholera_Reported_Cases_Count,2008,0,59,59,0.0
CHOLERA_0000000001,Cholera_Reported_Cases_Count,2009,0,45,45,0.0
CHOLERA_0000000001,Cholera_Reported_Cases_Count,2010,0,47,47,0.0
CHOLERA_0000000001,Cholera_Reported_Cases_Count,2011,1,57,58,0.5
CHOLERA_0000000001,Cholera_Reported_Cases_Count,2012,48,0,48,23.2
CHOLERA_0000000001,Cholera_Reported_Cases_Count,2013,47,0,47,22.7
CHOLERA_0000000001,Cholera_Reported_Cases_Count,2014,42,0,42,20.3
CHOLERA_0000000001,Cholera_Reported_Cases_Count,2015,42,0,42,20.3
CHOLERA_0000000001,Cholera_Reported_Cases_Count,2016,36,0,36,17.4
GBD_DALYRTAGE,DALYs_AgeStd_AllCauses_Per100k,2000,688,0,172,332.4
GBD_DALYRTAGE,DALYs_AgeStd_AllCauses_Per100k,2012,688,0,172,332.4
GHED_CHEGDP_SHA2011,Health_Expenditure_Pct_GDP,2000,191,0,191,92.3
GHED_CHEGDP_SHA2011,Health_Expenditure_Pct_GDP,2001,191,0,191,92.3
GHED_CHEGDP_SHA2011,Health_Expenditure_Pct_GDP,2002,192,0,192,92.8
GHED_CHEGDP_SHA2011,Health_Expenditure_Pct_GDP,2003,194,0,194,93.7
GHED_CHEGDP_SHA2011,Health_Expenditure_Pct_GDP,2004,194,0,194,93.7
GHED_CHEGDP_SHA2011,Health_Expenditure_Pct_GDP,2005,194,0,194,93.7
GHED_CHEGDP_SHA2011,Health_Expenditure_Pct_GDP,2006,194,0,194,93.7
GHED_CHEGDP_SHA2011,Health_Expenditure_Pct_GDP,2007,194,0,194,93.7
GHED_CHEGDP_SHA2011,Health_Expenditure_Pct_GDP,2008,194,0,194,93.7
GHED_CHEGDP_SHA2011,Health_Expenditure_Pct_GDP,2009,194,0,194,93.7
GHED_CHEGDP_SHA2011,Health_Expenditure_Pct_GDP,2010,195,0,195,94.2
GHED_CHEGDP_SHA2011,Health_Expenditure_Pct_GDP,2011,196,0,196,94.7
GHED_CHEGDP_SHA2011,Health_Expenditure_Pct_GDP,2012,196,0,196,94.7
GHED_CHEGDP_SHA2011,Health_Expenditure_Pct_GDP,2013,198,0,198,95.7
GHED_CHEGDP_SHA2011,Health_Expenditure_Pct_GDP,2014,198,0,198,95.7
GHED_CHEGDP_SHA2011,Health_Expenditure_Pct_GDP,2015,198,0,198,95.7
GHED_CHEGDP_SHA2011,Health_Expenditure_Pct_GDP,2016,198,0,198,95.7
GHED_CHEGDP_SHA2011,Health_Expenditure_Pct_GDP,2017,199,0,199,96.1
GHED_CHEGDP_SHA2011,Health_Expenditure_Pct_GDP,2018,200,0,200,96.6
GHED_CHEGDP_SHA2011,Health_Expenditure_Pct_GDP,2019,200,0,200,96.6
GHED_CHEGDP_SHA2011,Health_Expenditure_Pct_GDP,2020,200,0,200,96.6
GHED_CHEGDP_SHA2011,Health_Expenditure_Pct_GDP,2021,200,0,200,96.6
GHED_CHE_pc_US_SHA2011,Health_Expenditure_PerCapita_USD,2000,191,0,191,92.3
GHED_CHE_pc_US_SHA2011,Health_Expenditure_PerCapita_USD,2001,191,0,191,92.3
GHED_CHE_pc_US_SHA2011,Health_Expenditure_PerCapita_USD,2002,192,0,192,92.8
GHED_CHE_pc_US_SHA2011,Health_Expenditure_PerCapita_USD,2003,194,0,194,93.7
GHED_CHE_pc_US_SHA2011,Health_Expenditure_PerCapita_USD,2004,194,0,194,93.7
GHED_CHE_pc_US_SHA2011,Health_Expenditure_PerCapita_USD,2005,194,0,194,93.7
GHED_CHE_pc_US_SHA2011,Health_Expenditure_PerCapita_USD,2006,194,0,194,93.7
GHED_CHE_pc_US_SHA2011,Health_Expenditure_PerCapita_USD,2007,194,0,194,93.7
GHED_CHE_pc_US_SHA2011,Health_Expenditure_PerCapita_USD,2008,194,0,194,93.7
GHED_CHE_pc_US_SHA2011,Health_Expenditure_PerCapita_USD,2009,194,0,194,93.7
GHED_CHE_pc_US_SHA2011,Health_Expenditure_PerCapita_USD,2010,195,0,195,94.2
GHED_CHE_pc_US_SHA2011,Health_Expenditure_PerCapita_USD,2011,196,0,196,94.7
GHED_CHE_pc_US_SHA2011,Health_Expenditure_PerCapita_USD,2012,196,0,196,94.7
GHED_CHE_pc_US_SHA2011,Health_Expenditure_PerCapita_USD,2013,198,0,198,95.7
GHED_CHE_pc_US_SHA2011,Health_Expenditure_PerCapita_USD,2014,198,0,198,95.7
GHED_CHE_pc_US_SHA2011,Health_Expenditure_PerCapita_USD,2015,198,0,198,95.7
GHED_CHE_pc_US_SHA2011,Health_Expenditure_PerCapita_USD,2016,198,0,198,95.7
GHED_CHE_pc_US_SHA2011,Health_Expenditure_PerCapita_USD,2017,199,0,199,96.1
GHED_CHE_pc_US_SHA2011,Health_Expenditure_PerCapita_USD,2018,200,0,200,96.6
GHED_CHE_pc_US_SHA2011,Health_Expenditure_PerCapita_USD,2019,200,0,200,96.6
GHED_CHE_pc_US_SHA2011,Health_Expenditure_PerCapita_USD,2020,200,0,200,96.6
GHED_CHE_pc_US_SHA2011,Health_Expenditure_PerCapita_USD,2021,199,0,199,96.1
GHED_GGHE-DCHE_SHA2011,GovtHealth_Expenditure_PctCurrentHealthExp,2000,191,0,191,92.3
GHED_GGHE-DCHE_SHA2011,GovtHealth_Expenditure_PctCurrentHealthExp,2001,191,0,191,92.3
GHED_GGHE-DCHE_SHA2011,GovtHealth_Expenditure_PctCurrentHealthExp,2002,192,0,192,92.8
GHED_GGHE-DCHE_SHA2011,GovtHealth_Expenditure_PctCurrentHealthExp,2003,194,0,194,93.7
GHED_GGHE-DCHE_SHA2011,GovtHealth_Expenditure_PctCurrentHealthExp,2004,194,0,194,93.7
GHED_GGHE-DCHE_SHA2011,GovtHealth_Expenditure_PctCurrentHealthExp,2005,194,0,194,93.7
GHED_GGHE-DCHE_SHA2011,GovtHealth_Expenditure_PctCurrentHealthExp,2006,194,0,194,93.7
GHED_GGHE-DCHE_SHA2011,GovtHealth_Expenditure_PctCurrentHealthExp,2007,194,0,194,93.7
GHED_GGHE-DCHE_SHA2011,GovtHealth_Expenditure_PctCurrentHealthExp,2008,194,0,194,93.7
GHED_GGHE-DCHE_SHA2011,GovtHealth_Expenditure_PctCurrentHealthExp,2009,194,0,194,93.7
GHED_GGHE-DCHE_SHA2011,GovtHealth_Expenditure_PctCurrentHealthExp,2010,195,0,195,94.2
GHED_GGHE-DCHE_SHA2011,GovtHealth_Expenditure_PctCurrentHealthExp,2011,196,0,196,94.7
GHED_GGHE-DCHE_SHA2011,GovtHealth_Expenditure_PctCurrentHealthExp,2012,196,0,196,94.7
GHED_GGHE-DCHE_SHA2011,GovtHealth_Expenditure_PctCurrentHealthExp,2013,198,0,198,95.7
GHED_GGHE-DCHE_SHA2011,GovtHealth_Expenditure_PctCurrentHealthExp,2014,198,0,198,95.7
GHED_GGHE-DCHE_SHA2011,GovtHealth_Expenditure_PctCurrentHealthExp,2015,198,0,198,95.7
GHED_GGHE-DCHE_SHA2011,GovtHealth_Expenditure_PctCurrentHealthExp,2016,198,0,198,95.7
GHED_GGHE-DCHE_SHA2011,GovtHealth_Expenditure_PctCurrentHealthExp,2017,199,0,199,96.1
GHED_GGHE-DCHE_SHA2011,GovtHealth_Expenditure_PctCurrentHealthExp,2018,200,0,200,96.6
GHED_GGHE-DCHE_SHA2011,GovtHealth_Expenditure_PctCurrentHealthExp,2019,200,0,200,96.6
GHED_GGHE-DCHE_SHA2011,GovtHealth_Expenditure_PctCurrentHealthExp,2020,200,0,200,96.6
GHED_GGHE-DCHE_SHA2011,GovtHealth_Expenditure_PctCurrentHealthExp,2021,200,0,200,96.6
GHED_GGHE-DGDP_SHA2011,GovtHealth_Expenditure_PctGDP,2000,191,0,191,92.3
GHED_GGHE-DGDP_SHA2011,GovtHealth_Expenditure_PctGDP,2001,191,0,191,92.3
GHED_GGHE-DGDP_SHA2011,GovtHealth_Expenditure_PctGDP,2002,192,0,192,92.8
GHED_GGHE-DGDP_SHA2011,GovtHealth_Expenditure_PctGDP,2003,194,0,194,93.7
GHED_GGHE-DGDP_SHA2011,GovtHealth_Expenditure_PctGDP,2004,194,0,194,93.7
GHED_GGHE-DGDP_SHA2011,GovtHealth_Expenditure_PctGDP,2005,194,0,194,93.7
GHED_GGHE-DGDP_SHA2011,GovtHealth_Expenditure_PctGDP,2006,194,0,194,93.7
GHED_GGHE-DGDP_SHA2011,GovtHealth_Expenditure_PctGDP,2007,194,0,194,93.7
GHED_GGHE-DGDP_SHA2011,GovtHealth_Expenditure_PctGDP,2008,194,0,194,93.7
GHED_GGHE-DGDP_SHA2011,GovtHealth_Expenditure_PctGDP,2009,194,0,194,93.7
GHED_GGHE-DGDP_SHA2011,GovtHealth_Expenditure_PctGDP,2010,195,0,195,94.2
GHED_GGHE-DGDP_SHA2011,GovtHealth_Expenditure_PctGDP,2011,196,0,196,94.7
GHED_GGHE-DGDP_SHA2011,GovtHealth_Expenditure_PctGDP,2012,196,0,196,94.7
GHED_GGHE-DGDP_SHA2011,GovtHealth_Expenditure_PctGDP,2013,198,0,198,95.7
GHED_GGHE-DGDP_SHA2011,GovtHealth_Expenditure_PctGDP,2014,198,0,198,95.7
GHED_GGHE-DGDP_SHA2011,GovtHealth_Expenditure_PctGDP,2015,198,0,198,95.7
GHED_GGHE-DGDP_SHA2011,GovtHealth_Expenditure_PctGDP,2016,198,0,198,95.7
GHED_GGHE-DGDP_SHA2011,GovtHealth_Expenditure_PctGDP,2017,199,0,199,96.1
GHED_GGHE-DGDP_SHA2011,GovtHealth_Expenditure_PctGDP,2018,200,0,200,96.6
GHED_GGHE-DGDP_SHA2011,GovtHealth_Expenditure_PctGDP,2019,200,0,200,96.6
GHED_GGHE-DGDP_SHA2011,GovtHealth_Expenditure_PctGDP,2020,200,0,200,96.6
GHED_GGHE-DGDP_SHA2011,GovtHealth_Expenditure_PctGDP,2021,200,0,200,96.6
GHED_OOPSCHE_SHA2011,OOP_Expenditure_PctCurrentHealthExp,2000,191,0,191,92.3
GHED_OOPSCHE_SHA2011,OOP_Expenditure_PctCurrentHealthExp,2001,191,0,191,92.3
GHED_OOPSCHE_SHA2011,OOP_Expenditure_PctCurrentHealthExp,2002,192,0,192,92.8
GHED_OOPSCHE_SHA2011,OOP_Expenditure_PctCurrentHealthExp,2003,194,0,194,93.7
GHED_OOPSCHE_SHA2011,OOP_Expenditure_PctCurrentHealthExp,2004,194,0,194,93.7
GHED_OOPSCHE_SHA2011,OOP_Expenditure_PctCurrentHealthExp,2005,194,0,194,93.7
GHED_OOPSCHE_SHA2011,OOP_Expenditure_PctCurrentHealthExp,2006,194,0,194,93.7
GHED_OOPSCHE_SHA2011,OOP_Expenditure_PctCurrentHealthExp,2007,194,0,194,93.7
GHED_OOPSCHE_SHA2011,OOP_Expenditure_PctCurrentHealthExp,2008,194,0,194,93.7
GHED_OOPSCHE_SHA2011,OOP_Expenditure_PctCurrentHealthExp,2009,194,0,194,93.7
GHED_OOPSCHE_SHA2011,OOP_Expenditure_PctCurrentHealthExp,2010,195,0,195,94.2
GHED_OOPSCHE_SHA2011,OOP_Expenditure_PctCurrentHealthExp,2011,196,0,196,94.7
GHED_OOPSCHE_SHA2011,OOP_Expenditure_PctCurrentHealthExp,2012,196,0,196,94.7
GHED_OOPSCHE_SHA2011,OOP_Expenditure_PctCurrentHealthExp,2013,198,0,198,95.7
GHED_OOPSCHE_SHA2011,OOP_Expenditure_PctCurrentHealthExp,2014,198,0,198,95.7
GHED_OOPSCHE_SHA2011,OOP_Expenditure_PctCurrentHealthExp,2015,198,0,198,95.7
GHED_OOPSCHE_SHA2011,OOP_Expenditure_PctCurrentHealthExp,2016,198,0,198,95.7
GHED_OOPSCHE_SHA2011,OOP_Expenditure_PctCurrentHealthExp,2017,199,0,199,96.1
GHED_OOPSCHE_SHA2011,OOP_Expenditure_PctCurrentHealthExp,2018,200,0,200,96.6
GHED_OOPSCHE_SHA2011,OOP_Expenditure_PctCurrentHealthExp,2019,200,0,200,96.6
GHED_OOPSCHE_SHA2011,OOP_Expenditure_PctCurrentHealthExp,2020,200,0,200,96.6
GHED_OOPSCHE_SHA2011,OOP_Expenditure_PctCurrentHealthExp,2021,200,0,200,96.6
HWF_0001,Medical_Doctors_Per10k_Population,2000,97,0,97,46.9
HWF_0001,Medical_Doctors_Per10k_Population,2001,95,0,95,45.9
HWF_0001,Medical_Doctors_Per10k_Population,2002,92,0,92,44.4
HWF_0001,Medical_Doctors_Per10k_Population,2003,101,0,101,48.8
HWF_0001,Medical_Doctors_Per10k_Population,2004,137,0,137,66.2
HWF_0001,Medical_Doctors_Per10k_Population,2005,109,0,109,52.7
HWF_0001,Medical_Doctors_Per10k_Population,2006,110,0,110,53.1
HWF_0001,Medical_Doctors_Per10k_Population,2007,112,0,112,54.1
HWF_0001,Medical_Doctors_Per10k_Population,2008,133,0,133,64.3
HWF_0001,Medical_Doctors_Per10k_Population,2009,131,0,131,63.3
HWF_0001,Medical_Doctors_Per10k_Population,2010,132,0,132,63.8
HWF_0001,Medical_Doctors_Per10k_Population,2011,122,0,122,58.9
HWF_0001,Medical_Doctors_Per10k_Population,2012,125,0,125,60.4
HWF_0001,Medical_Doctors_Per10k_Population,2013,122,0,122,58.9
HWF_0001,Medical_Doctors_Per10k_Population,2014,126,0,126,60.9
HWF_0001,Medical_Doctors_Per10k_Population,2015,124,0,124,59.9
HWF_0001,Medical_Doctors_Per10k_Population,2016,130,0,130,62.8
HWF_0001,Medical_Doctors_Per10k_Population,2017,141,0,141,68.1
HWF_0001,Medical_Doctors_Per10k_Population,2018,154,0,154,74.4
HWF_0001,Medical_Doctors_Per10k_Population,2019,140,0,140,67.6
HWF_0001,Medical_Doctors_Per10k_Population,2020,145,0,145,70.0
HWF_0001,Medical_Doctors_Per10k_Population,2021,133,0,133,64.3
HWF_0006,Nurses_Midwives_Per10k_Population,2000,90,0,90,43.5
HWF_0006,Nurses_Midwives_Per10k_Population,2001,86,0,86,41.5
HWF_0006,Nurses_Midwives_Per10k_Population,2002,89,0,89,43.0
HWF_0006,Nurses_Midwives_Per10k_Population,2003,96,0,96,46.4
HWF_0006,Nurses_Midwives_Per10k_Population,2004,135,0,135,65.2
HWF_0006,Nurses_Midwives_Per10k_Population,2005,106,0,106,51.2
HWF_0006,Nurses_Midwives_Per10k_Population,2006,106,0,106,51.2
HWF_0006,Nurses_Midwives_Per10k_Population,2007,109,0,109,52.7
HWF_0006,Nurses_Midwives_Per10k_Population,2008,128,0,128,61.8
HWF_0006,Nurses_Midwives_Per10k_Population,2009,129,0,129,62.3
HWF_0006,Nurses_Midwives_Per10k_Population,2010,125,0,125,60.4
HWF_0006,Nurses_Midwives_Per10k_Population,2011,115,0,115,55.6
HWF_0006,Nurses_Midwives_Per10k_Population,2012,115,0,115,55.6
HWF_0006,Nurses_Midwives_Per10k_Population,2013,136,0,136,65.7
HWF_0006,Nurses_Midwives_Per10k_Population,2014,147,0,147,71.0
HWF_0006,Nurses_Midwives_Per10k_Population,2015,142,0,142,68.6
HWF_0006,Nurses_Midwives_Per10k_Population,2016,142,0,142,68.6
HWF_0006,Nurses_Midwives_Per10k_Population,2017,148,0,148,71.5
HWF_0006,Nurses_Midwives_Per10k_Population,2018,174,0,174,84.1
HWF_0006,Nurses_Midwives_Per10k_Population,2019,132,0,132,63.8
HWF_0006,Nurses_Midwives_Per10k_Population,2020,134,0,134,64.7
HWF_0006,Nurses_Midwives_Per10k_Population,2021,132,0,132,63.8
MH_12,Suicide_Rate_AgeStd_Per100k,2000,570,0,190,275.4
MH_12,Suicide_Rate_AgeStd_Per100k,2001,570,0,190,275.4
MH_12,Suicide_Rate_AgeStd_Per100k,2002,570,0,190,275.4
MH_12,Suicide_Rate_AgeStd_Per100k,2003,570,0,190,275.4
MH_12,Suicide_Rate_AgeStd_Per100k,2004,570,0,190,275.4
MH_12,Suicide_Rate_AgeStd_Per100k,2005,570,0,190,275.4
MH_12,Suicide_Rate_AgeStd_Per100k,2006,570,0,190,275.4
MH_12,Suicide_Rate_AgeStd_Per100k,2007,570,0,190,275.4
MH_12,Suicide_Rate_AgeStd_Per100k,2008,570,0,190,275.4
MH_12,Suicide_Rate_AgeStd_Per100k,2009,570,0,190,275.4
MH_12,Suicide_Rate_AgeStd_Per100k,2010,570,0,190,275.4
MH_12,Suicide_Rate_AgeStd_Per100k,2011,570,0,190,275.4
MH_12,Suicide_Rate_AgeStd_Per100k,2012,570,0,190,275.4
MH_12,Suicide_Rate_AgeStd_Per100k,2013,570,0,190,275.4
MH_12,Suicide_Rate_AgeStd_Per100k,2014,570,0,190,275.4
MH_12,Suicide_Rate_AgeStd_Per100k,2015,570,0,190,275.4
MH_12,Suicide_Rate_AgeStd_Per100k,2016,570,0,190,275.4
MH_12,Suicide_Rate_AgeStd_Per100k,2017,570,0,190,275.4
MH_12,Suicide_Rate_AgeStd_Per100k,2018,570,0,190,275.4
MH_12,Suicide_Rate_AgeStd_Per100k,2019,570,0,190,275.4
MH_12,Suicide_Rate_AgeStd_Per100k,2020,570,0,190,275.4
MH_12,Suicide_Rate_AgeStd_Per100k,2021,570,0,190,275.4
MH_4,MentalHealth_GovtExpenditure_PctTotalHealthExp,2011,78,0,78,37.7
MH_6,Psychiatrists_Per100k_Population,2013,2,0,2,1.0
MH_6,Psychiatrists_Per100k_Population,2014,1,0,1,0.5
MH_6,Psychiatrists_Per100k_Population,2015,18,0,18,8.7
MH_6,Psychiatrists_Per100k_Population,2016,104,0,104,50.2
MH_6,Psychiatrists_Per100k_Population,2017,21,0,21,10.1
M_Est_smk_curr,Tobacco_Current_Smoking_Pct,2000,501,0,167,242.0
M_Est_smk_curr,Tobacco_Current_Smoking_Pct,2005,501,0,167,242.0
M_Est_smk_curr,Tobacco_Current_Smoking_Pct,2007,501,0,167,242.0
M_Est_smk_curr,Tobacco_Current_Smoking_Pct,2010,501,0,167,242.0
M_Est_smk_curr,Tobacco_Current_Smoking_Pct,2015,501,0,167,242.0
M_Est_smk_curr,Tobacco_Current_Smoking_Pct,2020,501,0,167,242.0
NCDMORT3070,NCD_Prob_Dying_Age30to70_Pct,2000,570,0,190,275.4
NCDMORT3070,NCD_Prob_Dying_Age30to70_Pct,2001,570,0,190,275.4
NCDMORT3070,NCD_Prob_Dying_Age30to70_Pct,2002,570,0,190,275.4
NCDMORT3070,NCD_Prob_Dying_Age30to70_Pct,2003,570,0,190,275.4
NCDMORT3070,NCD_Prob_Dying_Age30to70_Pct,2004,570,0,190,275.4
NCDMORT3070,NCD_Prob_Dying_Age30to70_Pct,2005,570,0,190,275.4
NCDMORT3070,NCD_Prob_Dying_Age30to70_Pct,2006,570,0,190,275.4
NCDMORT3070,NCD_Prob_Dying_Age30to70_Pct,2007,570,0,190,275.4
NCDMORT3070,NCD_Prob_Dying_Age30to70_Pct,2008,570,0,190,275.4
NCDMORT3070,NCD_Prob_Dying_Age30to70_Pct,2009,570,0,190,275.4
NCDMORT3070,NCD_Prob_Dying_Age30to70_Pct,2010,570,0,190,275.4
NCDMORT3070,NCD_Prob_Dying_Age30to70_Pct,2011,570,0,190,275.4
NCDMORT3070,NCD_Prob_Dying_Age30to70_Pct,2012,570,0,190,275.4
NCDMORT3070,NCD_Prob_Dying_Age30to70_Pct,2013,570,0,190,275.4
NCDMORT3070,NCD_Prob_Dying_Age30to70_Pct,2014,570,0,190,275.4
NCDMORT3070,NCD_Prob_Dying_Age30to70_Pct,2015,570,0,190,275.4
NCDMORT3070,NCD_Prob_Dying_Age30to70_Pct,2016,570,0,190,275.4
NCDMORT3070,NCD_Prob_Dying_Age30to70_Pct,2017,570,0,190,275.4
NCDMORT3070,NCD_Prob_Dying_Age30to70_Pct,2018,570,0,190,275.4
NCDMORT3070,NCD_Prob_Dying_Age30to70_Pct,2019,570,0,190,275.4
NCDMORT3070,NCD_Prob_Dying_Age30to70_Pct,2020,570,0,190,275.4
NCDMORT3070,NCD_Prob_Dying_Age30to70_Pct,2021,570,0,190,275.4
NCD_BMI_18A,Underweight_Adults_BMI18minus_AgeStd_Pct,2000,612,0,204,295.7
NCD_BMI_18A,Underweight_Adults_BMI18minus_AgeStd_Pct,2001,612,0,204,295.7
NCD_BMI_18A,Underweight_Adults_BMI18minus_AgeStd_Pct,2002,612,0,204,295.7
NCD_BMI_18A,Underweight_Adults_BMI18minus_AgeStd_Pct,2003,612,0,204,295.7
NCD_BMI_18A,Underweight_Adults_BMI18minus_AgeStd_Pct,2004,612,0,204,295.7
NCD_BMI_18A,Underweight_Adults_BMI18minus_AgeStd_Pct,2005,612,0,204,295.7
NCD_BMI_18A,Underweight_Adults_BMI18minus_AgeStd_Pct,2006,612,0,204,295.7
NCD_BMI_18A,Underweight_Adults_BMI18minus_AgeStd_Pct,2007,612,0,204,295.7
NCD_BMI_18A,Underweight_Adults_BMI18minus_AgeStd_Pct,2008,612,0,204,295.7
NCD_BMI_18A,Underweight_Adults_BMI18minus_AgeStd_Pct,2009,612,0,204,295.7
NCD_BMI_18A,Underweight_Adults_BMI18minus_AgeStd_Pct,2010,612,0,204,295.7
NCD_BMI_18A,Underweight_Adults_BMI18minus_AgeStd_Pct,2011,612,0,204,295.7
NCD_BMI_18A,Underweight_Adults_BMI18minus_AgeStd_Pct,2012,612,0,204,295.7
NCD_BMI_18A,Underweight_Adults_BMI18minus_AgeStd_Pct,2013,612,0,204,295.7
NCD_BMI_18A,Underweight_Adults_BMI18minus_AgeStd_Pct,2014,612,0,204,295.7
NCD_BMI_18A,Underweight_Adults_BMI18minus_AgeStd_Pct,2015,612,0,204,295.7
NCD_BMI_18A,Underweight_Adults_BMI18minus_AgeStd_Pct,2016,612,0,204,295.7
NCD_BMI_18A,Underweight_Adults_BMI18minus_AgeStd_Pct,2017,612,0,204,295.7
NCD_BMI_18A,Underweight_Adults_BMI18minus_AgeStd_Pct,2018,612,0,204,295.7
NCD_BMI_18A,Underweight_Adults_BMI18minus_AgeStd_Pct,2019,612,0,204,295.7
NCD_BMI_18A,Underweight_Adults_BMI18minus_AgeStd_Pct,2020,612,0,204,295.7
NCD_BMI_18A,Underweight_Adults_BMI18minus_AgeStd_Pct,2021,612,0,204,295.7
NCD_BMI_18C,Underweight_Adults_BMI18minus_Crude_Pct,2000,612,0,204,295.7
NCD_BMI_18C,Underweight_Adults_BMI18minus_Crude_Pct,2001,612,0,204,295.7
NCD_BMI_18C,Underweight_Adults_BMI18minus_Crude_Pct,2002,612,0,204,295.7
NCD_BMI_18C,Underweight_Adults_BMI18minus_Crude_Pct,2003,612,0,204,295.7
NCD_BMI_18C,Underweight_Adults_BMI18minus_Crude_Pct,2004,612,0,204,295.7
NCD_BMI_18C,Underweight_Adults_BMI18minus_Crude_Pct,2005,612,0,204,295.7
NCD_BMI_18C,Underweight_Adults_BMI18minus_Crude_Pct,2006,612,0,204,295.7
NCD_BMI_18C,Underweight_Adults_BMI18minus_Crude_Pct,2007,612,0,204,295.7
NCD_BMI_18C,Underweight_Adults_BMI18minus_Crude_Pct,2008,612,0,204,295.7
NCD_BMI_18C,Underweight_Adults_BMI18minus_Crude_Pct,2009,612,0,204,295.7
NCD_BMI_18C,Underweight_Adults_BMI18minus_Crude_Pct,2010,612,0,204,295.7
NCD_BMI_18C,Underweight_Adults_BMI18minus_Crude_Pct,2011,612,0,204,295.7
NCD_BMI_18C,Underweight_Adults_BMI18minus_Crude_Pct,2012,612,0,204,295.7
NCD_BMI_18C,Underweight_Adults_BMI18minus_Crude_Pct,2013,612,0,204,295.7
NCD_BMI_18C,Underweight_Adults_BMI18minus_Crude_Pct,2014,612,0,204,295.7
NCD_BMI_18C,Underweight_Adults_BMI18minus_Crude_Pct,2015,612,0,204,295.7
NCD_BMI_18C,Underweight_Adults_BMI18minus_Crude_Pct,2016,612,0,204,295.7
NCD_BMI_18C,Underweight_Adults_BMI18minus_Crude_Pct,2017,612,0,204,295.7
NCD_BMI_18C,Underweight_Adults_BMI18minus_Crude_Pct,2018,612,0,204,295.7
NCD_BMI_18C,Underweight_Adults_BMI18minus_Crude_Pct,2019,612,0,204,295.7
NCD_BMI_18C,Underweight_Adults_BMI18minus_Crude_Pct,2020,612,0,204,295.7
NCD_BMI_18C,Underweight_Adults_BMI18minus_Crude_Pct,2021,612,0,204,295.7
NCD_BMI_25A,Overweight_Adults_BMI25plus_AgeStd_Pct,2000,612,0,204,295.7
NCD_BMI_25A,Overweight_Adults_BMI25plus_AgeStd_Pct,2001,612,0,204,295.7
NCD_BMI_25A,Overweight_Adults_BMI25plus_AgeStd_Pct,2002,612,0,204,295.7
NCD_BMI_25A,Overweight_Adults_BMI25plus_AgeStd_Pct,2003,612,0,204,295.7
NCD_BMI_25A,Overweight_Adults_BMI25plus_AgeStd_Pct,2004,612,0,204,295.7
NCD_BMI_25A,Overweight_Adults_BMI25plus_AgeStd_Pct,2005,612,0,204,295.7
NCD_BMI_25A,Overweight_Adults_BMI25plus_AgeStd_Pct,2006,612,0,204,295.7
NCD_BMI_25A,Overweight_Adults_BMI25plus_AgeStd_Pct,2007,612,0,204,295.7
NCD_BMI_25A,Overweight_Adults_BMI25plus_AgeStd_Pct,2008,612,0,204,295.7
NCD_BMI_25A,Overweight_Adults_BMI25plus_AgeStd_Pct,2009,612,0,204,295.7
NCD_BMI_25A,Overweight_Adults_BMI25plus_AgeStd_Pct,2010,612,0,204,295.7
NCD_BMI_25A,Overweight_Adults_BMI25plus_AgeStd_Pct,2011,612,0,204,295.7
NCD_BMI_25A,Overweight_Adults_BMI25plus_AgeStd_Pct,2012,612,0,204,295.7
NCD_BMI_25A,Overweight_Adults_BMI25plus_AgeStd_Pct,2013,612,0,204,295.7
NCD_BMI_25A,Overweight_Adults_BMI25plus_AgeStd_Pct,2014,612,0,204,295.7
NCD_BMI_25A,Overweight_Adults_BMI25plus_AgeStd_Pct,2015,612,0,204,295.7
NCD_BMI_25A,Overweight_Adults_BMI25plus_AgeStd_Pct,2016,612,0,204,295.7
NCD_BMI_25A,Overweight_Adults_BMI25plus_AgeStd_Pct,2017,612,0,204,295.7
NCD_BMI_25A,Overweight_Adults_BMI25plus_AgeStd_Pct,2018,612,0,204,295.7
NCD_BMI_25A,Overweight_Adults_BMI25plus_AgeStd_Pct,2019,612,0,204,295.7
NCD_BMI_25A,Overweight_Adults_BMI25plus_AgeStd_Pct,2020,612,0,204,295.7
NCD_BMI_25A,Overweight_Adults_BMI25plus_AgeStd_Pct,2021,612,0,204,295.7
NCD_BMI_25C,Overweight_Adults_BMI25plus_Crude_Pct,2000,612,0,204,295.7
NCD_BMI_25C,Overweight_Adults_BMI25plus_Crude_Pct,2001,612,0,204,295.7
NCD_BMI_25C,Overweight_Adults_BMI25plus_Crude_Pct,2002,612,0,204,295.7
NCD_BMI_25C,Overweight_Adults_BMI25plus_Crude_Pct,2003,612,0,204,295.7
NCD_BMI_25C,Overweight_Adults_BMI25plus_Crude_Pct,2004,612,0,204,295.7
NCD_BMI_25C,Overweight_Adults_BMI25plus_Crude_Pct,2005,612,0,204,295.7
NCD_BMI_25C,Overweight_Adults_BMI25plus_Crude_Pct,2006,612,0,204,295.7
NCD_BMI_25C,Overweight_Adults_BMI25plus_Crude_Pct,2007,612,0,204,295.7
NCD_BMI_25C,Overweight_Adults_BMI25plus_Crude_Pct,2008,612,0,204,295.7
NCD_BMI_25C,Overweight_Adults_BMI25plus_Crude_Pct,2009,612,0,204,295.7
NCD_BMI_25C,Overweight_Adults_BMI25plus_Crude_Pct,2010,612,0,204,295.7
NCD_BMI_25C,Overweight_Adults_BMI25plus_Crude_Pct,2011,612,0,204,295.7
NCD_BMI_25C,Overweight_Adults_BMI25plus_Crude_Pct,2012,612,0,204,295.7
NCD_BMI_25C,Overweight_Adults_BMI25plus_Crude_Pct,2013,612,0,204,295.7
NCD_BMI_25C,Overweight_Adults_BMI25plus_Crude_Pct,2014,612,0,204,295.7
NCD_BMI_25C,Overweight_Adults_BMI25plus_Crude_Pct,2015,612,0,204,295.7
NCD_BMI_25C,Overweight_Adults_BMI25plus_Crude_Pct,2016,612,0,204,295.7
NCD_BMI_25C,Overweight_Adults_BMI25plus_Crude_Pct,2017,612,0,204,295.7
NCD_BMI_25C,Overweight_Adults_BMI25plus_Crude_Pct,2018,612,0,204,295.7
NCD_BMI_25C,Overweight_Adults_BMI25plus_Crude_Pct,2019,612,0,204,295.7
NCD_BMI_25C,Overweight_Adults_BMI25plus_Crude_Pct,2020,612,0,204,295.7
NCD_BMI_25C,Overweight_Adults_BMI25plus_Crude_Pct,2021,612,0,204,295.7
NCD_BMI_30A,Obesity_Adults_BMI30plus_AgeStd_Pct,2000,612,0,204,295.7
NCD_BMI_30A,Obesity_Adults_BMI30plus_AgeStd_Pct,2001,612,0,204,295.7
NCD_BMI_30A,Obesity_Adults_BMI30plus_AgeStd_Pct,2002,612,0,204,295.7
NCD_BMI_30A,Obesity_Adults_BMI30plus_AgeStd_Pct,2003,612,0,204,295.7
NCD_BMI_30A,Obesity_Adults_BMI30plus_AgeStd_Pct,2004,612,0,204,295.7
NCD_BMI_30A,Obesity_Adults_BMI30plus_AgeStd_Pct,2005,612,0,204,295.7
NCD_BMI_30A,Obesity_Adults_BMI30plus_AgeStd_Pct,2006,612,0,204,295.7
NCD_BMI_30A,Obesity_Adults_BMI30plus_AgeStd_Pct,2007,612,0,204,295.7
NCD_BMI_30A,Obesity_Adults_BMI30plus_AgeStd_Pct,2008,612,0,204,295.7
NCD_BMI_30A,Obesity_Adults_BMI30plus_AgeStd_Pct,2009,612,0,204,295.7
NCD_BMI_30A,Obesity_Adults_BMI30plus_AgeStd_Pct,2010,612,0,204,295.7
NCD_BMI_30A,Obesity_Adults_BMI30plus_AgeStd_Pct,2011,612,0,204,295.7
NCD_BMI_30A,Obesity_Adults_BMI30plus_AgeStd_Pct,2012,612,0,204,295.7
NCD_BMI_30A,Obesity_Adults_BMI30plus_AgeStd_Pct,2013,612,0,204,295.7
NCD_BMI_30A,Obesity_Adults_BMI30plus_AgeStd_Pct,2014,612,0,204,295.7
NCD_BMI_30A,Obesity_Adults_BMI30plus_AgeStd_Pct,2015,612,0,204,295.7
NCD_BMI_30A,Obesity_Adults_BMI30plus_AgeStd_Pct,2016,612,0,204,295.7
NCD_BMI_30A,Obesity_Adults_BMI30plus_AgeStd_Pct,2017,612,0,204,295.7
NCD_BMI_30A,Obesity_Adults_BMI30plus_AgeStd_Pct,2018,612,0,204,295.7
NCD_BMI_30A,Obesity_Adults_BMI30plus_AgeStd_Pct,2019,612,0,204,295.7
NCD_BMI_30A,Obesity_Adults_BMI30plus_AgeStd_Pct,2020,612,0,204,295.7
NCD_BMI_30A,Obesity_Adults_BMI30plus_AgeStd_Pct,2021,612,0,204,295.7
NCD_BMI_30C,Obesity_Adults_BMI30plus_Crude_Pct,2000,612,0,204,295.7
NCD_BMI_30C,Obesity_Adults_BMI30plus_Crude_Pct,2001,612,0,204,295.7
NCD_BMI_30C,Obesity_Adults_BMI30plus_Crude_Pct,2002,612,0,204,295.7
NCD_BMI_30C,Obesity_Adults_BMI30plus_Crude_Pct,2003,612,0,204,295.7
NCD_BMI_30C,Obesity_Adults_BMI30plus_Crude_Pct,2004,612,0,204,295.7
NCD_BMI_30C,Obesity_Adults_BMI30plus_Crude_Pct,2005,612,0,204,295.7
NCD_BMI_30C,Obesity_Adults_BMI30plus_Crude_Pct,2006,612,0,204,295.7
NCD_BMI_30C,Obesity_Adults_BMI30plus_Crude_Pct,2007,612,0,204,295.7
NCD_BMI_30C,Obesity_Adults_BMI30plus_Crude_Pct,2008,612,0,204,295.7
NCD_BMI_30C,Obesity_Adults_BMI30plus_Crude_Pct,2009,612,0,204,295.7
NCD_BMI_30C,Obesity_Adults_BMI30plus_Crude_Pct,2010,612,0,204,295.7
NCD_BMI_30C,Obesity_Adults_BMI30plus_Crude_Pct,2011,612,0,204,295.7
NCD_BMI_30C,Obesity_Adults_BMI30plus_Crude_Pct,2012,612,0,204,295.7
NCD_BMI_30C,Obesity_Adults_BMI30plus_Crude_Pct,2013,612,0,204,295.7
NCD_BMI_30C,Obesity_Adults_BMI30plus_Crude_Pct,2014,612,0,204,295.7
NCD_BMI_30C,Obesity_Adults_BMI30plus_Crude_Pct,2015,612,0,204,295.7
NCD_BMI_30C,Obesity_Adults_BMI30plus_Crude_Pct,2016,612,0,204,295.7
NCD_BMI_30C,Obesity_Adults_BMI30plus_Crude_Pct,2017,612,0,204,295.7
NCD_BMI_30C,Obesity_Adults_BMI30plus_Crude_Pct,2018,612,0,204,295.7
NCD_BMI_30C,Obesity_Adults_BMI30plus_Crude_Pct,2019,612,0,204,295.7
NCD_BMI_30C,Obesity_Adults_BMI30plus_Crude_Pct,2020,612,0,204,295.7
NCD_BMI_30C,Obesity_Adults_BMI30plus_Crude_Pct,2021,612,0,204,295.7
NCD_BMI_MEAN,Mean_BMI_AgeStd_kgm2,2000,585,12,199,282.6
NCD_BMI_MEAN,Mean_BMI_AgeStd_kgm2,2001,585,12,199,282.6
NCD_BMI_MEAN,Mean_BMI_AgeStd_kgm2,2002,585,12,199,282.6
NCD_BMI_MEAN,Mean_BMI_AgeStd_kgm2,2003,585,12,199,282.6
NCD_BMI_MEAN,Mean_BMI_AgeStd_kgm2,2004,585,12,199,282.6
NCD_BMI_MEAN,Mean_BMI_AgeStd_kgm2,2005,585,12,199,282.6
NCD_BMI_MEAN,Mean_BMI_AgeStd_kgm2,2006,585,12,199,282.6
NCD_BMI_MEAN,Mean_BMI_AgeStd_kgm2,2007,585,12,199,282.6
NCD_BMI_MEAN,Mean_BMI_AgeStd_kgm2,2008,585,12,199,282.6
NCD_BMI_MEAN,Mean_BMI_AgeStd_kgm2,2009,585,12,199,282.6
NCD_BMI_MEAN,Mean_BMI_AgeStd_kgm2,2010,585,12,199,282.6
NCD_BMI_MEAN,Mean_BMI_AgeStd_kgm2,2011,585,12,199,282.6
NCD_BMI_MEAN,Mean_BMI_AgeStd_kgm2,2012,585,12,199,282.6
NCD_BMI_MEAN,Mean_BMI_AgeStd_kgm2,2013,585,12,199,282.6
NCD_BMI_MEAN,Mean_BMI_AgeStd_kgm2,2014,585,12,199,282.6
NCD_BMI_MEAN,Mean_BMI_AgeStd_kgm2,2015,585,12,199,282.6
NCD_BMI_MEAN,Mean_BMI_AgeStd_kgm2,2016,585,12,199,282.6
NCD_CHOL_MEANHDL_A,Mean_HDL_Cholesterol_AgeStd_mmolL,2000,588,0,196,284.1
NCD_CHOL_MEANHDL_A,Mean_HDL_Cholesterol_AgeStd_mmolL,2001,588,0,196,284.1
NCD_CHOL_MEANHDL_A,Mean_HDL_Cholesterol_AgeStd_mmolL,2002,588,0,196,284.1
NCD_CHOL_MEANHDL_A,Mean_HDL_Cholesterol_AgeStd_mmolL,2003,588,0,196,284.1
NCD_CHOL_MEANHDL_A,Mean_HDL_Cholesterol_AgeStd_mmolL,2004,588,0,196,284.1
NCD_CHOL_MEANHDL_A,Mean_HDL_Cholesterol_AgeStd_mmolL,2005,588,0,196,284.1
NCD_CHOL_MEANHDL_A,Mean_HDL_Cholesterol_AgeStd_mmolL,2006,588,0,196,284.1
NCD_CHOL_MEANHDL_A,Mean_HDL_Cholesterol_AgeStd_mmolL,2007,588,0,196,284.1
NCD_CHOL_MEANHDL_A,Mean_HDL_Cholesterol_AgeStd_mmolL,2008,588,0,196,284.1
NCD_CHOL_MEANHDL_A,Mean_HDL_Cholesterol_AgeStd_mmolL,2009,588,0,196,284.1
NCD_CHOL_MEANHDL_A,Mean_HDL_Cholesterol_AgeStd_mmolL,2010,588,0,196,284.1
NCD_CHOL_MEANHDL_A,Mean_HDL_Cholesterol_AgeStd_mmolL,2011,588,0,196,284.1
NCD_CHOL_MEANHDL_A,Mean_HDL_Cholesterol_AgeStd_mmolL,2012,588,0,196,284.1
NCD_CHOL_MEANHDL_A,Mean_HDL_Cholesterol_AgeStd_mmolL,2013,588,0,196,284.1
NCD_CHOL_MEANHDL_A,Mean_HDL_Cholesterol_AgeStd_mmolL,2014,588,0,196,284.1
NCD_CHOL_MEANHDL_A,Mean_HDL_Cholesterol_AgeStd_mmolL,2015,588,0,196,284.1
NCD_CHOL_MEANHDL_A,Mean_HDL_Cholesterol_AgeStd_mmolL,2016,588,0,196,284.1
NCD_CHOL_MEANHDL_A,Mean_HDL_Cholesterol_AgeStd_mmolL,2017,588,0,196,284.1
NCD_CHOL_MEANHDL_A,Mean_HDL_Cholesterol_AgeStd_mmolL,2018,588,0,196,284.1
NCD_CHOL_MEANNONHDL_A,Mean_NonHDL_Cholesterol_AgeStd_mmolL,2000,588,0,196,284.1
NCD_CHOL_MEANNONHDL_A,Mean_NonHDL_Cholesterol_AgeStd_mmolL,2001,588,0,196,284.1
NCD_CHOL_MEANNONHDL_A,Mean_NonHDL_Cholesterol_AgeStd_mmolL,2002,588,0,196,284.1
NCD_CHOL_MEANNONHDL_A,Mean_NonHDL_Cholesterol_AgeStd_mmolL,2003,588,0,196,284.1
NCD_CHOL_MEANNONHDL_A,Mean_NonHDL_Cholesterol_AgeStd_mmolL,2004,588,0,196,284.1
NCD_CHOL_MEANNONHDL_A,Mean_NonHDL_Cholesterol_AgeStd_mmolL,2005,588,0,196,284.1
NCD_CHOL_MEANNONHDL_A,Mean_NonHDL_Cholesterol_AgeStd_mmolL,2006,588,0,196,284.1
NCD_CHOL_MEANNONHDL_A,Mean_NonHDL_Cholesterol_AgeStd_mmolL,2007,588,0,196,284.1
NCD_CHOL_MEANNONHDL_A,Mean_NonHDL_Cholesterol_AgeStd_mmolL,2008,588,0,196,284.1
NCD_CHOL_MEANNONHDL_A,Mean_NonHDL_Cholesterol_AgeStd_mmolL,2009,588,0,196,284.1
NCD_CHOL_MEANNONHDL_A,Mean_NonHDL_Cholesterol_AgeStd_mmolL,2010,588,0,196,284.1
NCD_CHOL_MEANNONHDL_A,Mean_NonHDL_Cholesterol_AgeStd_mmolL,2011,588,0,196,284.1
NCD_CHOL_MEANNONHDL_A,Mean_NonHDL_Cholesterol_AgeStd_mmolL,2012,588,0,196,284.1
NCD_CHOL_MEANNONHDL_A,Mean_NonHDL_Cholesterol_AgeStd_mmolL,2013,588,0,196,284.1
NCD_CHOL_MEANNONHDL_A,Mean_NonHDL_Cholesterol_AgeStd_mmolL,2014,588,0,196,284.1
NCD_CHOL_MEANNONHDL_A,Mean_NonHDL_Cholesterol_AgeStd_mmolL,2015,588,0,196,284.1
NCD_CHOL_MEANNONHDL_A,Mean_NonHDL_Cholesterol_AgeStd_mmolL,2016,588,0,196,284.1
NCD_CHOL_MEANNONHDL_A,Mean_NonHDL_Cholesterol_AgeStd_mmolL,2017,588,0,196,284.1
NCD_CHOL_MEANNONHDL_A,Mean_NonHDL_Cholesterol_AgeStd_mmolL,2018,588,0,196,284.1
NCD_CHOL_MEANNONHDL_C,Mean_NonHDL_Cholesterol_Crude_mmolL,2000,588,0,196,284.1
NCD_CHOL_MEANNONHDL_C,Mean_NonHDL_Cholesterol_Crude_mmolL,2001,588,0,196,284.1
NCD_CHOL_MEANNONHDL_C,Mean_NonHDL_Cholesterol_Crude_mmolL,2002,588,0,196,284.1
NCD_CHOL_MEANNONHDL_C,Mean_NonHDL_Cholesterol_Crude_mmolL,2003,588,0,196,284.1
NCD_CHOL_MEANNONHDL_C,Mean_NonHDL_Cholesterol_Crude_mmolL,2004,588,0,196,284.1
NCD_CHOL_MEANNONHDL_C,Mean_NonHDL_Cholesterol_Crude_mmolL,2005,588,0,196,284.1
NCD_CHOL_MEANNONHDL_C,Mean_NonHDL_Cholesterol_Crude_mmolL,2006,588,0,196,284.1
NCD_CHOL_MEANNONHDL_C,Mean_NonHDL_Cholesterol_Crude_mmolL,2007,588,0,196,284.1
NCD_CHOL_MEANNONHDL_C,Mean_NonHDL_Cholesterol_Crude_mmolL,2008,588,0,196,284.1
NCD_CHOL_MEANNONHDL_C,Mean_NonHDL_Cholesterol_Crude_mmolL,2009,588,0,196,284.1
NCD_CHOL_MEANNONHDL_C,Mean_NonHDL_Cholesterol_Crude_mmolL,2010,588,0,196,284.1
NCD_CHOL_MEANNONHDL_C,Mean_NonHDL_Cholesterol_Crude_mmolL,2011,588,0,196,284.1
NCD_CHOL_MEANNONHDL_C,Mean_NonHDL_Cholesterol_Crude_mmolL,2012,588,0,196,284.1
NCD_CHOL_MEANNONHDL_C,Mean_NonHDL_Cholesterol_Crude_mmolL,2013,588,0,196,284.1
NCD_CHOL_MEANNONHDL_C,Mean_NonHDL_Cholesterol_Crude_mmolL,2014,588,0,196,284.1
NCD_CHOL_MEANNONHDL_C,Mean_NonHDL_Cholesterol_Crude_mmolL,2015,588,0,196,284.1
NCD_CHOL_MEANNONHDL_C,Mean_NonHDL_Cholesterol_Crude_mmolL,2016,588,0,196,284.1
NCD_CHOL_MEANNONHDL_C,Mean_NonHDL_Cholesterol_Crude_mmolL,2017,588,0,196,284.1
NCD_CHOL_MEANNONHDL_C,Mean_NonHDL_Cholesterol_Crude_mmolL,2018,588,0,196,284.1
NCD_CHOL_MEANTOTALCHOL_A,Mean_TotalCholesterol_AgeStd_mmolL,2000,588,0,196,284.1
NCD_CHOL_MEANTOTALCHOL_A,Mean_TotalCholesterol_AgeStd_mmolL,2001,588,0,196,284.1
NCD_CHOL_MEANTOTALCHOL_A,Mean_TotalCholesterol_AgeStd_mmolL,2002,588,0,196,284.1
NCD_CHOL_MEANTOTALCHOL_A,Mean_TotalCholesterol_AgeStd_mmolL,2003,588,0,196,284.1
NCD_CHOL_MEANTOTALCHOL_A,Mean_TotalCholesterol_AgeStd_mmolL,2004,588,0,196,284.1
NCD_CHOL_MEANTOTALCHOL_A,Mean_TotalCholesterol_AgeStd_mmolL,2005,588,0,196,284.1
NCD_CHOL_MEANTOTALCHOL_A,Mean_TotalCholesterol_AgeStd_mmolL,2006,588,0,196,284.1
NCD_CHOL_MEANTOTALCHOL_A,Mean_TotalCholesterol_AgeStd_mmolL,2007,588,0,196,284.1
NCD_CHOL_MEANTOTALCHOL_A,Mean_TotalCholesterol_AgeStd_mmolL,2008,588,0,196,284.1
NCD_CHOL_MEANTOTALCHOL_A,Mean_TotalCholesterol_AgeStd_mmolL,2009,588,0,196,284.1
NCD_CHOL_MEANTOTALCHOL_A,Mean_TotalCholesterol_AgeStd_mmolL,2010,588,0,196,284.1
NCD_CHOL_MEANTOTALCHOL_A,Mean_TotalCholesterol_AgeStd_mmolL,2011,588,0,196,284.1
NCD_CHOL_MEANTOTALCHOL_A,Mean_TotalCholesterol_AgeStd_mmolL,2012,588,0,196,284.1
NCD_CHOL_MEANTOTALCHOL_A,Mean_TotalCholesterol_AgeStd_mmolL,2013,588,0,196,284.1
NCD_CHOL_MEANTOTALCHOL_A,Mean_TotalCholesterol_AgeStd_mmolL,2014,588,0,196,284.1
NCD_CHOL_MEANTOTALCHOL_A,Mean_TotalCholesterol_AgeStd_mmolL,2015,588,0,196,284.1
NCD_CHOL_MEANTOTALCHOL_A,Mean_TotalCholesterol_AgeStd_mmolL,2016,588,0,196,284.1
NCD_CHOL_MEANTOTALCHOL_A,Mean_TotalCholesterol_AgeStd_mmolL,2017,588,0,196,284.1
NCD_CHOL_MEANTOTALCHOL_A,Mean_TotalCholesterol_AgeStd_mmolL,2018,588,0,196,284.1
NCD_CXCA_SCREENED_WITHIN_TIMEPERIOD,CervicalCancer_Screening_30to49_Pct,2019,800,0,200,386.5
NCD_DIABETES_PREVALENCE_CRUDE,Diabetes_Prevalence_Crude_Pct,2000,1224,0,204,591.3
NCD_DIABETES_PREVALENCE_CRUDE,Diabetes_Prevalence_Crude_Pct,2001,1224,0,204,591.3
NCD_DIABETES_PREVALENCE_CRUDE,Diabetes_Prevalence_Crude_Pct,2002,1224,0,204,591.3
NCD_DIABETES_PREVALENCE_CRUDE,Diabetes_Prevalence_Crude_Pct,2003,1224,0,204,591.3
NCD_DIABETES_PREVALENCE_CRUDE,Diabetes_Prevalence_Crude_Pct,2004,1224,0,204,591.3
NCD_DIABETES_PREVALENCE_CRUDE,Diabetes_Prevalence_Crude_Pct,2005,1224,0,204,591.3
NCD_DIABETES_PREVALENCE_CRUDE,Diabetes_Prevalence_Crude_Pct,2006,1224,0,204,591.3
NCD_DIABETES_PREVALENCE_CRUDE,Diabetes_Prevalence_Crude_Pct,2007,1224,0,204,591.3
NCD_DIABETES_PREVALENCE_CRUDE,Diabetes_Prevalence_Crude_Pct,2008,1224,0,204,591.3
NCD_DIABETES_PREVALENCE_CRUDE,Diabetes_Prevalence_Crude_Pct,2009,1224,0,204,591.3
NCD_DIABETES_PREVALENCE_CRUDE,Diabetes_Prevalence_Crude_Pct,2010,1224,0,204,591.3
NCD_DIABETES_PREVALENCE_CRUDE,Diabetes_Prevalence_Crude_Pct,2011,1224,0,204,591.3
NCD_DIABETES_PREVALENCE_CRUDE,Diabetes_Prevalence_Crude_Pct,2012,1224,0,204,591.3
NCD_DIABETES_PREVALENCE_CRUDE,Diabetes_Prevalence_Crude_Pct,2013,1224,0,204,591.3
NCD_DIABETES_PREVALENCE_CRUDE,Diabetes_Prevalence_Crude_Pct,2014,1224,0,204,591.3
NCD_DIABETES_PREVALENCE_CRUDE,Diabetes_Prevalence_Crude_Pct,2015,1224,0,204,591.3
NCD_DIABETES_PREVALENCE_CRUDE,Diabetes_Prevalence_Crude_Pct,2016,1224,0,204,591.3
NCD_DIABETES_PREVALENCE_CRUDE,Diabetes_Prevalence_Crude_Pct,2017,1224,0,204,591.3
NCD_DIABETES_PREVALENCE_CRUDE,Diabetes_Prevalence_Crude_Pct,2018,1224,0,204,591.3
NCD_DIABETES_PREVALENCE_CRUDE,Diabetes_Prevalence_Crude_Pct,2019,1224,0,204,591.3
NCD_DIABETES_PREVALENCE_CRUDE,Diabetes_Prevalence_Crude_Pct,2020,1224,0,204,591.3
NCD_DIABETES_PREVALENCE_CRUDE,Diabetes_Prevalence_Crude_Pct,2021,1224,0,204,591.3
NCD_DIABETES_TREATMENT_AGESTD,Diabetes_Treatment_Coverage_AgeStd_Pct,2000,612,0,204,295.7
NCD_DIABETES_TREATMENT_AGESTD,Diabetes_Treatment_Coverage_AgeStd_Pct,2001,612,0,204,295.7
NCD_DIABETES_TREATMENT_AGESTD,Diabetes_Treatment_Coverage_AgeStd_Pct,2002,612,0,204,295.7
NCD_DIABETES_TREATMENT_AGESTD,Diabetes_Treatment_Coverage_AgeStd_Pct,2003,612,0,204,295.7
NCD_DIABETES_TREATMENT_AGESTD,Diabetes_Treatment_Coverage_AgeStd_Pct,2004,612,0,204,295.7
NCD_DIABETES_TREATMENT_AGESTD,Diabetes_Treatment_Coverage_AgeStd_Pct,2005,612,0,204,295.7
NCD_DIABETES_TREATMENT_AGESTD,Diabetes_Treatment_Coverage_AgeStd_Pct,2006,612,0,204,295.7
NCD_DIABETES_TREATMENT_AGESTD,Diabetes_Treatment_Coverage_AgeStd_Pct,2007,612,0,204,295.7
NCD_DIABETES_TREATMENT_AGESTD,Diabetes_Treatment_Coverage_AgeStd_Pct,2008,612,0,204,295.7
NCD_DIABETES_TREATMENT_AGESTD,Diabetes_Treatment_Coverage_AgeStd_Pct,2009,612,0,204,295.7
NCD_DIABETES_TREATMENT_AGESTD,Diabetes_Treatment_Coverage_AgeStd_Pct,2010,612,0,204,295.7
NCD_DIABETES_TREATMENT_AGESTD,Diabetes_Treatment_Coverage_AgeStd_Pct,2011,612,0,204,295.7
NCD_DIABETES_TREATMENT_AGESTD,Diabetes_Treatment_Coverage_AgeStd_Pct,2012,612,0,204,295.7
NCD_DIABETES_TREATMENT_AGESTD,Diabetes_Treatment_Coverage_AgeStd_Pct,2013,612,0,204,295.7
NCD_DIABETES_TREATMENT_AGESTD,Diabetes_Treatment_Coverage_AgeStd_Pct,2014,612,0,204,295.7
NCD_DIABETES_TREATMENT_AGESTD,Diabetes_Treatment_Coverage_AgeStd_Pct,2015,612,0,204,295.7
NCD_DIABETES_TREATMENT_AGESTD,Diabetes_Treatment_Coverage_AgeStd_Pct,2016,612,0,204,295.7
NCD_DIABETES_TREATMENT_AGESTD,Diabetes_Treatment_Coverage_AgeStd_Pct,2017,612,0,204,295.7
NCD_DIABETES_TREATMENT_AGESTD,Diabetes_Treatment_Coverage_AgeStd_Pct,2018,612,0,204,295.7
NCD_DIABETES_TREATMENT_AGESTD,Diabetes_Treatment_Coverage_AgeStd_Pct,2019,612,0,204,295.7
NCD_DIABETES_TREATMENT_AGESTD,Diabetes_Treatment_Coverage_AgeStd_Pct,2020,612,0,204,295.7
NCD_DIABETES_TREATMENT_AGESTD,Diabetes_Treatment_Coverage_AgeStd_Pct,2021,612,0,204,295.7
NCD_DIABETES_TREATMENT_CRUDE,Diabetes_Treatment_Coverage_Crude_Pct,2000,612,0,204,295.7
NCD_DIABETES_TREATMENT_CRUDE,Diabetes_Treatment_Coverage_Crude_Pct,2001,612,0,204,295.7
NCD_DIABETES_TREATMENT_CRUDE,Diabetes_Treatment_Coverage_Crude_Pct,2002,612,0,204,295.7
NCD_DIABETES_TREATMENT_CRUDE,Diabetes_Treatment_Coverage_Crude_Pct,2003,612,0,204,295.7
NCD_DIABETES_TREATMENT_CRUDE,Diabetes_Treatment_Coverage_Crude_Pct,2004,612,0,204,295.7
NCD_DIABETES_TREATMENT_CRUDE,Diabetes_Treatment_Coverage_Crude_Pct,2005,612,0,204,295.7
NCD_DIABETES_TREATMENT_CRUDE,Diabetes_Treatment_Coverage_Crude_Pct,2006,612,0,204,295.7
NCD_DIABETES_TREATMENT_CRUDE,Diabetes_Treatment_Coverage_Crude_Pct,2007,612,0,204,295.7
NCD_DIABETES_TREATMENT_CRUDE,Diabetes_Treatment_Coverage_Crude_Pct,2008,612,0,204,295.7
NCD_DIABETES_TREATMENT_CRUDE,Diabetes_Treatment_Coverage_Crude_Pct,2009,612,0,204,295.7
NCD_DIABETES_TREATMENT_CRUDE,Diabetes_Treatment_Coverage_Crude_Pct,2010,612,0,204,295.7
NCD_DIABETES_TREATMENT_CRUDE,Diabetes_Treatment_Coverage_Crude_Pct,2011,612,0,204,295.7
NCD_DIABETES_TREATMENT_CRUDE,Diabetes_Treatment_Coverage_Crude_Pct,2012,612,0,204,295.7
NCD_DIABETES_TREATMENT_CRUDE,Diabetes_Treatment_Coverage_Crude_Pct,2013,612,0,204,295.7
NCD_DIABETES_TREATMENT_CRUDE,Diabetes_Treatment_Coverage_Crude_Pct,2014,612,0,204,295.7
NCD_DIABETES_TREATMENT_CRUDE,Diabetes_Treatment_Coverage_Crude_Pct,2015,612,0,204,295.7
NCD_DIABETES_TREATMENT_CRUDE,Diabetes_Treatment_Coverage_Crude_Pct,2016,612,0,204,295.7
NCD_DIABETES_TREATMENT_CRUDE,Diabetes_Treatment_Coverage_Crude_Pct,2017,612,0,204,295.7
NCD_DIABETES_TREATMENT_CRUDE,Diabetes_Treatment_Coverage_Crude_Pct,2018,612,0,204,295.7
NCD_DIABETES_TREATMENT_CRUDE,Diabetes_Treatment_Coverage_Crude_Pct,2019,612,0,204,295.7
NCD_DIABETES_TREATMENT_CRUDE,Diabetes_Treatment_Coverage_Crude_Pct,2020,612,0,204,295.7
NCD_DIABETES_TREATMENT_CRUDE,Diabetes_Treatment_Coverage_Crude_Pct,2021,612,0,204,295.7
NCD_DTH_TOT,NCD_Total_Deaths_Count,2000,570,0,190,275.4
NCD_DTH_TOT,NCD_Total_Deaths_Count,2001,570,0,190,275.4
NCD_DTH_TOT,NCD_Total_Deaths_Count,2002,570,0,190,275.4
NCD_DTH_TOT,NCD_Total_Deaths_Count,2003,570,0,190,275.4
NCD_DTH_TOT,NCD_Total_Deaths_Count,2004,570,0,190,275.4
NCD_DTH_TOT,NCD_Total_Deaths_Count,2005,570,0,190,275.4
NCD_DTH_TOT,NCD_Total_Deaths_Count,2006,570,0,190,275.4
NCD_DTH_TOT,NCD_Total_Deaths_Count,2007,570,0,190,275.4
NCD_DTH_TOT,NCD_Total_Deaths_Count,2008,570,0,190,275.4
NCD_DTH_TOT,NCD_Total_Deaths_Count,2009,570,0,190,275.4
NCD_DTH_TOT,NCD_Total_Deaths_Count,2010,570,0,190,275.4
NCD_DTH_TOT,NCD_Total_Deaths_Count,2011,570,0,190,275.4
NCD_DTH_TOT,NCD_Total_Deaths_Count,2012,570,0,190,275.4
NCD_DTH_TOT,NCD_Total_Deaths_Count,2013,570,0,190,275.4
NCD_DTH_TOT,NCD_Total_Deaths_Count,2014,570,0,190,275.4
NCD_DTH_TOT,NCD_Total_Deaths_Count,2015,570,0,190,275.4
NCD_DTH_TOT,NCD_Total_Deaths_Count,2016,570,0,190,275.4
NCD_DTH_TOT,NCD_Total_Deaths_Count,2017,570,0,190,275.4
NCD_DTH_TOT,NCD_Total_Deaths_Count,2018,570,0,190,275.4
NCD_DTH_TOT,NCD_Total_Deaths_Count,2019,570,0,190,275.4
NCD_DTH_TOT,NCD_Total_Deaths_Count,2020,570,0,190,275.4
NCD_DTH_TOT,NCD_Total_Deaths_Count,2021,570,0,190,275.4
NCD_GLUC_01,Mean_FastingBloodGlucose_AgeStd_mmolL,2000,384,0,192,185.5
NCD_GLUC_01,Mean_FastingBloodGlucose_AgeStd_mmolL,2001,384,0,192,185.5
NCD_GLUC_01,Mean_FastingBloodGlucose_AgeStd_mmolL,2002,384,0,192,185.5
NCD_GLUC_01,Mean_FastingBloodGlucose_AgeStd_mmolL,2003,384,0,192,185.5
NCD_GLUC_01,Mean_FastingBloodGlucose_AgeStd_mmolL,2004,384,0,192,185.5
NCD_GLUC_01,Mean_FastingBloodGlucose_AgeStd_mmolL,2005,384,0,192,185.5
NCD_GLUC_01,Mean_FastingBloodGlucose_AgeStd_mmolL,2006,384,0,192,185.5
NCD_GLUC_01,Mean_FastingBloodGlucose_AgeStd_mmolL,2007,384,0,192,185.5
NCD_GLUC_01,Mean_FastingBloodGlucose_AgeStd_mmolL,2008,384,0,192,185.5
NCD_GLUC_01,Mean_FastingBloodGlucose_AgeStd_mmolL,2009,384,0,192,185.5
NCD_GLUC_01,Mean_FastingBloodGlucose_AgeStd_mmolL,2010,384,0,192,185.5
NCD_GLUC_01,Mean_FastingBloodGlucose_AgeStd_mmolL,2011,384,0,192,185.5
NCD_GLUC_01,Mean_FastingBloodGlucose_AgeStd_mmolL,2012,384,0,192,185.5
NCD_GLUC_01,Mean_FastingBloodGlucose_AgeStd_mmolL,2013,384,0,192,185.5
NCD_GLUC_01,Mean_FastingBloodGlucose_AgeStd_mmolL,2014,384,0,192,185.5
NCD_GLUC_03,Raised_FastingBloodGlucose_Crude_Pct,2000,585,12,199,282.6
NCD_GLUC_03,Raised_FastingBloodGlucose_Crude_Pct,2001,585,12,199,282.6
NCD_GLUC_03,Raised_FastingBloodGlucose_Crude_Pct,2002,585,12,199,282.6
NCD_GLUC_03,Raised_FastingBloodGlucose_Crude_Pct,2003,585,12,199,282.6
NCD_GLUC_03,Raised_FastingBloodGlucose_Crude_Pct,2004,585,12,199,282.6
NCD_GLUC_03,Raised_FastingBloodGlucose_Crude_Pct,2005,585,12,199,282.6
NCD_GLUC_03,Raised_FastingBloodGlucose_Crude_Pct,2006,585,12,199,282.6
NCD_GLUC_03,Raised_FastingBloodGlucose_Crude_Pct,2007,585,12,199,282.6
NCD_GLUC_03,Raised_FastingBloodGlucose_Crude_Pct,2008,585,12,199,282.6
NCD_GLUC_03,Raised_FastingBloodGlucose_Crude_Pct,2009,585,12,199,282.6
NCD_GLUC_03,Raised_FastingBloodGlucose_Crude_Pct,2010,585,12,199,282.6
NCD_GLUC_03,Raised_FastingBloodGlucose_Crude_Pct,2011,585,12,199,282.6
NCD_GLUC_03,Raised_FastingBloodGlucose_Crude_Pct,2012,585,12,199,282.6
NCD_GLUC_03,Raised_FastingBloodGlucose_Crude_Pct,2013,585,12,199,282.6
NCD_GLUC_03,Raised_FastingBloodGlucose_Crude_Pct,2014,585,12,199,282.6
NCD_GLUC_04,Raised_FastingBloodGlucose_AgeStd_Pct,2000,585,12,199,282.6
NCD_GLUC_04,Raised_FastingBloodGlucose_AgeStd_Pct,2001,585,12,199,282.6
NCD_GLUC_04,Raised_FastingBloodGlucose_AgeStd_Pct,2002,585,12,199,282.6
NCD_GLUC_04,Raised_FastingBloodGlucose_AgeStd_Pct,2003,585,12,199,282.6
NCD_GLUC_04,Raised_FastingBloodGlucose_AgeStd_Pct,2004,585,12,199,282.6
NCD_GLUC_04,Raised_FastingBloodGlucose_AgeStd_Pct,2005,585,12,199,282.6
NCD_GLUC_04,Raised_FastingBloodGlucose_AgeStd_Pct,2006,585,12,199,282.6
NCD_GLUC_04,Raised_FastingBloodGlucose_AgeStd_Pct,2007,585,12,199,282.6
NCD_GLUC_04,Raised_FastingBloodGlucose_AgeStd_Pct,2008,585,12,199,282.6
NCD_GLUC_04,Raised_FastingBloodGlucose_AgeStd_Pct,2009,585,12,199,282.6
NCD_GLUC_04,Raised_FastingBloodGlucose_AgeStd_Pct,2010,585,12,199,282.6
NCD_GLUC_04,Raised_FastingBloodGlucose_AgeStd_Pct,2011,585,12,199,282.6
NCD_GLUC_04,Raised_FastingBloodGlucose_AgeStd_Pct,2012,585,12,199,282.6
NCD_GLUC_04,Raised_FastingBloodGlucose_AgeStd_Pct,2013,585,12,199,282.6
NCD_GLUC_04,Raised_FastingBloodGlucose_AgeStd_Pct,2014,585,12,199,282.6
NCD_HYP_CONTROL_A,Hypertension_EffectiveTreatment_Controlled_AgeStd_Pct,2000,599,0,200,289.4
NCD_HYP_CONTROL_A,Hypertension_EffectiveTreatment_Controlled_AgeStd_Pct,2001,599,0,200,289.4
NCD_HYP_CONTROL_A,Hypertension_EffectiveTreatment_Controlled_AgeStd_Pct,2002,599,0,200,289.4
NCD_HYP_CONTROL_A,Hypertension_EffectiveTreatment_Controlled_AgeStd_Pct,2003,599,0,200,289.4
NCD_HYP_CONTROL_A,Hypertension_EffectiveTreatment_Controlled_AgeStd_Pct,2004,599,0,200,289.4
NCD_HYP_CONTROL_A,Hypertension_EffectiveTreatment_Controlled_AgeStd_Pct,2005,599,0,200,289.4
NCD_HYP_CONTROL_A,Hypertension_EffectiveTreatment_Controlled_AgeStd_Pct,2006,599,0,200,289.4
NCD_HYP_CONTROL_A,Hypertension_EffectiveTreatment_Controlled_AgeStd_Pct,2007,599,0,200,289.4
NCD_HYP_CONTROL_A,Hypertension_EffectiveTreatment_Controlled_AgeStd_Pct,2008,599,0,200,289.4
NCD_HYP_CONTROL_A,Hypertension_EffectiveTreatment_Controlled_AgeStd_Pct,2009,599,0,200,289.4
NCD_HYP_CONTROL_A,Hypertension_EffectiveTreatment_Controlled_AgeStd_Pct,2010,599,0,200,289.4
NCD_HYP_CONTROL_A,Hypertension_EffectiveTreatment_Controlled_AgeStd_Pct,2011,599,0,200,289.4
NCD_HYP_CONTROL_A,Hypertension_EffectiveTreatment_Controlled_AgeStd_Pct,2012,599,0,200,289.4
NCD_HYP_CONTROL_A,Hypertension_EffectiveTreatment_Controlled_AgeStd_Pct,2013,599,0,200,289.4
NCD_HYP_CONTROL_A,Hypertension_EffectiveTreatment_Controlled_AgeStd_Pct,2014,599,0,200,289.4
NCD_HYP_CONTROL_A,Hypertension_EffectiveTreatment_Controlled_AgeStd_Pct,2015,599,0,200,289.4
NCD_HYP_CONTROL_A,Hypertension_EffectiveTreatment_Controlled_AgeStd_Pct,2016,599,0,200,289.4
NCD_HYP_CONTROL_A,Hypertension_EffectiveTreatment_Controlled_AgeStd_Pct,2017,599,0,200,289.4
NCD_HYP_CONTROL_A,Hypertension_EffectiveTreatment_Controlled_AgeStd_Pct,2018,599,0,200,289.4
NCD_HYP_CONTROL_A,Hypertension_EffectiveTreatment_Controlled_AgeStd_Pct,2019,599,0,200,289.4
NCD_HYP_CONTROL_C,Hypertension_EffectiveTreatment_Controlled_Crude_Pct,2000,597,0,199,288.4
NCD_HYP_CONTROL_C,Hypertension_EffectiveTreatment_Controlled_Crude_Pct,2001,597,0,199,288.4
NCD_HYP_CONTROL_C,Hypertension_EffectiveTreatment_Controlled_Crude_Pct,2002,597,0,199,288.4
NCD_HYP_CONTROL_C,Hypertension_EffectiveTreatment_Controlled_Crude_Pct,2003,597,0,199,288.4
NCD_HYP_CONTROL_C,Hypertension_EffectiveTreatment_Controlled_Crude_Pct,2004,597,0,199,288.4
NCD_HYP_CONTROL_C,Hypertension_EffectiveTreatment_Controlled_Crude_Pct,2005,597,0,199,288.4
NCD_HYP_CONTROL_C,Hypertension_EffectiveTreatment_Controlled_Crude_Pct,2006,597,0,199,288.4
NCD_HYP_CONTROL_C,Hypertension_EffectiveTreatment_Controlled_Crude_Pct,2007,597,0,199,288.4
NCD_HYP_CONTROL_C,Hypertension_EffectiveTreatment_Controlled_Crude_Pct,2008,597,0,199,288.4
NCD_HYP_CONTROL_C,Hypertension_EffectiveTreatment_Controlled_Crude_Pct,2009,597,0,199,288.4
NCD_HYP_CONTROL_C,Hypertension_EffectiveTreatment_Controlled_Crude_Pct,2010,597,0,199,288.4
NCD_HYP_CONTROL_C,Hypertension_EffectiveTreatment_Controlled_Crude_Pct,2011,597,0,199,288.4
NCD_HYP_CONTROL_C,Hypertension_EffectiveTreatment_Controlled_Crude_Pct,2012,597,0,199,288.4
NCD_HYP_CONTROL_C,Hypertension_EffectiveTreatment_Controlled_Crude_Pct,2013,597,0,199,288.4
NCD_HYP_CONTROL_C,Hypertension_EffectiveTreatment_Controlled_Crude_Pct,2014,597,0,199,288.4
NCD_HYP_CONTROL_C,Hypertension_EffectiveTreatment_Controlled_Crude_Pct,2015,597,0,199,288.4
NCD_HYP_CONTROL_C,Hypertension_EffectiveTreatment_Controlled_Crude_Pct,2016,597,0,199,288.4
NCD_HYP_CONTROL_C,Hypertension_EffectiveTreatment_Controlled_Crude_Pct,2017,597,0,199,288.4
NCD_HYP_CONTROL_C,Hypertension_EffectiveTreatment_Controlled_Crude_Pct,2018,597,0,199,288.4
NCD_HYP_CONTROL_C,Hypertension_EffectiveTreatment_Controlled_Crude_Pct,2019,597,0,199,288.4
NCD_HYP_DIAGNOSIS_A,Hypertension_Diagnosis_Coverage_AgeStd_Pct,2000,599,0,200,289.4
NCD_HYP_DIAGNOSIS_A,Hypertension_Diagnosis_Coverage_AgeStd_Pct,2001,599,0,200,289.4
NCD_HYP_DIAGNOSIS_A,Hypertension_Diagnosis_Coverage_AgeStd_Pct,2002,599,0,200,289.4
NCD_HYP_DIAGNOSIS_A,Hypertension_Diagnosis_Coverage_AgeStd_Pct,2003,599,0,200,289.4
NCD_HYP_DIAGNOSIS_A,Hypertension_Diagnosis_Coverage_AgeStd_Pct,2004,599,0,200,289.4
NCD_HYP_DIAGNOSIS_A,Hypertension_Diagnosis_Coverage_AgeStd_Pct,2005,599,0,200,289.4
NCD_HYP_DIAGNOSIS_A,Hypertension_Diagnosis_Coverage_AgeStd_Pct,2006,599,0,200,289.4
NCD_HYP_DIAGNOSIS_A,Hypertension_Diagnosis_Coverage_AgeStd_Pct,2007,599,0,200,289.4
NCD_HYP_DIAGNOSIS_A,Hypertension_Diagnosis_Coverage_AgeStd_Pct,2008,599,0,200,289.4
NCD_HYP_DIAGNOSIS_A,Hypertension_Diagnosis_Coverage_AgeStd_Pct,2009,599,0,200,289.4
NCD_HYP_DIAGNOSIS_A,Hypertension_Diagnosis_Coverage_AgeStd_Pct,2010,599,0,200,289.4
NCD_HYP_DIAGNOSIS_A,Hypertension_Diagnosis_Coverage_AgeStd_Pct,2011,599,0,200,289.4
NCD_HYP_DIAGNOSIS_A,Hypertension_Diagnosis_Coverage_AgeStd_Pct,2012,599,0,200,289.4
NCD_HYP_DIAGNOSIS_A,Hypertension_Diagnosis_Coverage_AgeStd_Pct,2013,599,0,200,289.4
NCD_HYP_DIAGNOSIS_A,Hypertension_Diagnosis_Coverage_AgeStd_Pct,2014,599,0,200,289.4
NCD_HYP_DIAGNOSIS_A,Hypertension_Diagnosis_Coverage_AgeStd_Pct,2015,599,0,200,289.4
NCD_HYP_DIAGNOSIS_A,Hypertension_Diagnosis_Coverage_AgeStd_Pct,2016,599,0,200,289.4
NCD_HYP_DIAGNOSIS_A,Hypertension_Diagnosis_Coverage_AgeStd_Pct,2017,599,0,200,289.4
NCD_HYP_DIAGNOSIS_A,Hypertension_Diagnosis_Coverage_AgeStd_Pct,2018,599,0,200,289.4
NCD_HYP_DIAGNOSIS_A,Hypertension_Diagnosis_Coverage_AgeStd_Pct,2019,599,0,200,289.4
NCD_HYP_DIAGNOSIS_C,Hypertension_Diagnosis_Coverage_Crude_Pct,2000,597,0,199,288.4
NCD_HYP_DIAGNOSIS_C,Hypertension_Diagnosis_Coverage_Crude_Pct,2001,597,0,199,288.4
NCD_HYP_DIAGNOSIS_C,Hypertension_Diagnosis_Coverage_Crude_Pct,2002,597,0,199,288.4
NCD_HYP_DIAGNOSIS_C,Hypertension_Diagnosis_Coverage_Crude_Pct,2003,597,0,199,288.4
NCD_HYP_DIAGNOSIS_C,Hypertension_Diagnosis_Coverage_Crude_Pct,2004,597,0,199,288.4
NCD_HYP_DIAGNOSIS_C,Hypertension_Diagnosis_Coverage_Crude_Pct,2005,597,0,199,288.4
NCD_HYP_DIAGNOSIS_C,Hypertension_Diagnosis_Coverage_Crude_Pct,2006,597,0,199,288.4
NCD_HYP_DIAGNOSIS_C,Hypertension_Diagnosis_Coverage_Crude_Pct,2007,597,0,199,288.4
NCD_HYP_DIAGNOSIS_C,Hypertension_Diagnosis_Coverage_Crude_Pct,2008,597,0,199,288.4
NCD_HYP_DIAGNOSIS_C,Hypertension_Diagnosis_Coverage_Crude_Pct,2009,597,0,199,288.4
NCD_HYP_DIAGNOSIS_C,Hypertension_Diagnosis_Coverage_Crude_Pct,2010,597,0,199,288.4
NCD_HYP_DIAGNOSIS_C,Hypertension_Diagnosis_Coverage_Crude_Pct,2011,597,0,199,288.4
NCD_HYP_DIAGNOSIS_C,Hypertension_Diagnosis_Coverage_Crude_Pct,2012,597,0,199,288.4
NCD_HYP_DIAGNOSIS_C,Hypertension_Diagnosis_Coverage_Crude_Pct,2013,597,0,199,288.4
NCD_HYP_DIAGNOSIS_C,Hypertension_Diagnosis_Coverage_Crude_Pct,2014,597,0,199,288.4
NCD_HYP_DIAGNOSIS_C,Hypertension_Diagnosis_Coverage_Crude_Pct,2015,597,0,199,288.4
NCD_HYP_DIAGNOSIS_C,Hypertension_Diagnosis_Coverage_Crude_Pct,2016,597,0,199,288.4
NCD_HYP_DIAGNOSIS_C,Hypertension_Diagnosis_Coverage_Crude_Pct,2017,597,0,199,288.4
NCD_HYP_DIAGNOSIS_C,Hypertension_Diagnosis_Coverage_Crude_Pct,2018,597,0,199,288.4
NCD_HYP_DIAGNOSIS_C,Hypertension_Diagnosis_Coverage_Crude_Pct,2019,597,0,199,288.4
NCD_HYP_PREVALENCE_A,Hypertension_Prevalence_AgeStd_Pct,2000,599,0,200,289.4
NCD_HYP_PREVALENCE_A,Hypertension_Prevalence_AgeStd_Pct,2001,599,0,200,289.4
NCD_HYP_PREVALENCE_A,Hypertension_Prevalence_AgeStd_Pct,2002,599,0,200,289.4
NCD_HYP_PREVALENCE_A,Hypertension_Prevalence_AgeStd_Pct,2003,599,0,200,289.4
NCD_HYP_PREVALENCE_A,Hypertension_Prevalence_AgeStd_Pct,2004,599,0,200,289.4
NCD_HYP_PREVALENCE_A,Hypertension_Prevalence_AgeStd_Pct,2005,599,0,200,289.4
NCD_HYP_PREVALENCE_A,Hypertension_Prevalence_AgeStd_Pct,2006,599,0,200,289.4
NCD_HYP_PREVALENCE_A,Hypertension_Prevalence_AgeStd_Pct,2007,599,0,200,289.4
NCD_HYP_PREVALENCE_A,Hypertension_Prevalence_AgeStd_Pct,2008,599,0,200,289.4
NCD_HYP_PREVALENCE_A,Hypertension_Prevalence_AgeStd_Pct,2009,599,0,200,289.4
NCD_HYP_PREVALENCE_A,Hypertension_Prevalence_AgeStd_Pct,2010,599,0,200,289.4
NCD_HYP_PREVALENCE_A,Hypertension_Prevalence_AgeStd_Pct,2011,599,0,200,289.4
NCD_HYP_PREVALENCE_A,Hypertension_Prevalence_AgeStd_Pct,2012,599,0,200,289.4
NCD_HYP_PREVALENCE_A,Hypertension_Prevalence_AgeStd_Pct,2013,599,0,200,289.4
NCD_HYP_PREVALENCE_A,Hypertension_Prevalence_AgeStd_Pct,2014,599,0,200,289.4
NCD_HYP_PREVALENCE_A,Hypertension_Prevalence_AgeStd_Pct,2015,599,0,200,289.4
NCD_HYP_PREVALENCE_A,Hypertension_Prevalence_AgeStd_Pct,2016,599,0,200,289.4
NCD_HYP_PREVALENCE_A,Hypertension_Prevalence_AgeStd_Pct,2017,599,0,200,289.4
NCD_HYP_PREVALENCE_A,Hypertension_Prevalence_AgeStd_Pct,2018,599,0,200,289.4
NCD_HYP_PREVALENCE_A,Hypertension_Prevalence_AgeStd_Pct,2019,599,0,200,289.4
NCD_HYP_PREVALENCE_C,Hypertension_Prevalence_Crude_Pct,2000,597,0,199,288.4
NCD_HYP_PREVALENCE_C,Hypertension_Prevalence_Crude_Pct,2001,597,0,199,288.4
NCD_HYP_PREVALENCE_C,Hypertension_Prevalence_Crude_Pct,2002,597,0,199,288.4
NCD_HYP_PREVALENCE_C,Hypertension_Prevalence_Crude_Pct,2003,597,0,199,288.4
NCD_HYP_PREVALENCE_C,Hypertension_Prevalence_Crude_Pct,2004,597,0,199,288.4
NCD_HYP_PREVALENCE_C,Hypertension_Prevalence_Crude_Pct,2005,597,0,199,288.4
NCD_HYP_PREVALENCE_C,Hypertension_Prevalence_Crude_Pct,2006,597,0,199,288.4
NCD_HYP_PREVALENCE_C,Hypertension_Prevalence_Crude_Pct,2007,597,0,199,288.4
NCD_HYP_PREVALENCE_C,Hypertension_Prevalence_Crude_Pct,2008,597,0,199,288.4
NCD_HYP_PREVALENCE_C,Hypertension_Prevalence_Crude_Pct,2009,597,0,199,288.4
NCD_HYP_PREVALENCE_C,Hypertension_Prevalence_Crude_Pct,2010,597,0,199,288.4
NCD_HYP_PREVALENCE_C,Hypertension_Prevalence_Crude_Pct,2011,597,0,199,288.4
NCD_HYP_PREVALENCE_C,Hypertension_Prevalence_Crude_Pct,2012,597,0,199,288.4
NCD_HYP_PREVALENCE_C,Hypertension_Prevalence_Crude_Pct,2013,597,0,199,288.4
NCD_HYP_PREVALENCE_C,Hypertension_Prevalence_Crude_Pct,2014,597,0,199,288.4
NCD_HYP_PREVALENCE_C,Hypertension_Prevalence_Crude_Pct,2015,597,0,199,288.4
NCD_HYP_PREVALENCE_C,Hypertension_Prevalence_Crude_Pct,2016,597,0,199,288.4
NCD_HYP_PREVALENCE_C,Hypertension_Prevalence_Crude_Pct,2017,597,0,199,288.4
NCD_HYP_PREVALENCE_C,Hypertension_Prevalence_Crude_Pct,2018,597,0,199,288.4
NCD_HYP_PREVALENCE_C,Hypertension_Prevalence_Crude_Pct,2019,597,0,199,288.4
NCD_HYP_TREATMENT_A,Hypertension_Treatment_Coverage_AgeStd_Pct,2000,599,0,200,289.4
NCD_HYP_TREATMENT_A,Hypertension_Treatment_Coverage_AgeStd_Pct,2001,599,0,200,289.4
NCD_HYP_TREATMENT_A,Hypertension_Treatment_Coverage_AgeStd_Pct,2002,599,0,200,289.4
NCD_HYP_TREATMENT_A,Hypertension_Treatment_Coverage_AgeStd_Pct,2003,599,0,200,289.4
NCD_HYP_TREATMENT_A,Hypertension_Treatment_Coverage_AgeStd_Pct,2004,599,0,200,289.4
NCD_HYP_TREATMENT_A,Hypertension_Treatment_Coverage_AgeStd_Pct,2005,599,0,200,289.4
NCD_HYP_TREATMENT_A,Hypertension_Treatment_Coverage_AgeStd_Pct,2006,599,0,200,289.4
NCD_HYP_TREATMENT_A,Hypertension_Treatment_Coverage_AgeStd_Pct,2007,599,0,200,289.4
NCD_HYP_TREATMENT_A,Hypertension_Treatment_Coverage_AgeStd_Pct,2008,599,0,200,289.4
NCD_HYP_TREATMENT_A,Hypertension_Treatment_Coverage_AgeStd_Pct,2009,599,0,200,289.4
NCD_HYP_TREATMENT_A,Hypertension_Treatment_Coverage_AgeStd_Pct,2010,599,0,200,289.4
NCD_HYP_TREATMENT_A,Hypertension_Treatment_Coverage_AgeStd_Pct,2011,599,0,200,289.4
NCD_HYP_TREATMENT_A,Hypertension_Treatment_Coverage_AgeStd_Pct,2012,599,0,200,289.4
NCD_HYP_TREATMENT_A,Hypertension_Treatment_Coverage_AgeStd_Pct,2013,599,0,200,289.4
NCD_HYP_TREATMENT_A,Hypertension_Treatment_Coverage_AgeStd_Pct,2014,599,0,200,289.4
NCD_HYP_TREATMENT_A,Hypertension_Treatment_Coverage_AgeStd_Pct,2015,599,0,200,289.4
NCD_HYP_TREATMENT_A,Hypertension_Treatment_Coverage_AgeStd_Pct,2016,599,0,200,289.4
NCD_HYP_TREATMENT_A,Hypertension_Treatment_Coverage_AgeStd_Pct,2017,599,0,200,289.4
NCD_HYP_TREATMENT_A,Hypertension_Treatment_Coverage_AgeStd_Pct,2018,599,0,200,289.4
NCD_HYP_TREATMENT_A,Hypertension_Treatment_Coverage_AgeStd_Pct,2019,599,0,200,289.4
NCD_HYP_TREATMENT_C,Hypertension_Treatment_Coverage_Crude_Pct,2000,597,0,199,288.4
NCD_HYP_TREATMENT_C,Hypertension_Treatment_Coverage_Crude_Pct,2001,597,0,199,288.4
NCD_HYP_TREATMENT_C,Hypertension_Treatment_Coverage_Crude_Pct,2002,597,0,199,288.4
NCD_HYP_TREATMENT_C,Hypertension_Treatment_Coverage_Crude_Pct,2003,597,0,199,288.4
NCD_HYP_TREATMENT_C,Hypertension_Treatment_Coverage_Crude_Pct,2004,597,0,199,288.4
NCD_HYP_TREATMENT_C,Hypertension_Treatment_Coverage_Crude_Pct,2005,597,0,199,288.4
NCD_HYP_TREATMENT_C,Hypertension_Treatment_Coverage_Crude_Pct,2006,597,0,199,288.4
NCD_HYP_TREATMENT_C,Hypertension_Treatment_Coverage_Crude_Pct,2007,597,0,199,288.4
NCD_HYP_TREATMENT_C,Hypertension_Treatment_Coverage_Crude_Pct,2008,597,0,199,288.4
NCD_HYP_TREATMENT_C,Hypertension_Treatment_Coverage_Crude_Pct,2009,597,0,199,288.4
NCD_HYP_TREATMENT_C,Hypertension_Treatment_Coverage_Crude_Pct,2010,597,0,199,288.4
NCD_HYP_TREATMENT_C,Hypertension_Treatment_Coverage_Crude_Pct,2011,597,0,199,288.4
NCD_HYP_TREATMENT_C,Hypertension_Treatment_Coverage_Crude_Pct,2012,597,0,199,288.4
NCD_HYP_TREATMENT_C,Hypertension_Treatment_Coverage_Crude_Pct,2013,597,0,199,288.4
NCD_HYP_TREATMENT_C,Hypertension_Treatment_Coverage_Crude_Pct,2014,597,0,199,288.4
NCD_HYP_TREATMENT_C,Hypertension_Treatment_Coverage_Crude_Pct,2015,597,0,199,288.4
NCD_HYP_TREATMENT_C,Hypertension_Treatment_Coverage_Crude_Pct,2016,597,0,199,288.4
NCD_HYP_TREATMENT_C,Hypertension_Treatment_Coverage_Crude_Pct,2017,597,0,199,288.4
NCD_HYP_TREATMENT_C,Hypertension_Treatment_Coverage_Crude_Pct,2018,597,0,199,288.4
NCD_HYP_TREATMENT_C,Hypertension_Treatment_Coverage_Crude_Pct,2019,597,0,199,288.4
NCD_PAA,Physical_Inactivity_Adults_AgeStd_Pct,2000,600,0,200,289.9
NCD_PAA,Physical_Inactivity_Adults_AgeStd_Pct,2001,600,0,200,289.9
NCD_PAA,Physical_Inactivity_Adults_AgeStd_Pct,2002,600,0,200,289.9
NCD_PAA,Physical_Inactivity_Adults_AgeStd_Pct,2003,600,0,200,289.9
NCD_PAA,Physical_Inactivity_Adults_AgeStd_Pct,2004,600,0,200,289.9
NCD_PAA,Physical_Inactivity_Adults_AgeStd_Pct,2005,600,0,200,289.9
NCD_PAA,Physical_Inactivity_Adults_AgeStd_Pct,2006,600,0,200,289.9
NCD_PAA,Physical_Inactivity_Adults_AgeStd_Pct,2007,600,0,200,289.9
NCD_PAA,Physical_Inactivity_Adults_AgeStd_Pct,2008,600,0,200,289.9
NCD_PAA,Physical_Inactivity_Adults_AgeStd_Pct,2009,600,0,200,289.9
NCD_PAA,Physical_Inactivity_Adults_AgeStd_Pct,2010,600,0,200,289.9
NCD_PAA,Physical_Inactivity_Adults_AgeStd_Pct,2011,600,0,200,289.9
NCD_PAA,Physical_Inactivity_Adults_AgeStd_Pct,2012,600,0,200,289.9
NCD_PAA,Physical_Inactivity_Adults_AgeStd_Pct,2013,600,0,200,289.9
NCD_PAA,Physical_Inactivity_Adults_AgeStd_Pct,2014,600,0,200,289.9
NCD_PAA,Physical_Inactivity_Adults_AgeStd_Pct,2015,600,0,200,289.9
NCD_PAA,Physical_Inactivity_Adults_AgeStd_Pct,2016,600,0,200,289.9
NCD_PAA,Physical_Inactivity_Adults_AgeStd_Pct,2017,600,0,200,289.9
NCD_PAA,Physical_Inactivity_Adults_AgeStd_Pct,2018,600,0,200,289.9
NCD_PAA,Physical_Inactivity_Adults_AgeStd_Pct,2019,600,0,200,289.9
NCD_PAA,Physical_Inactivity_Adults_AgeStd_Pct,2020,600,0,200,289.9
NCD_PAA,Physical_Inactivity_Adults_AgeStd_Pct,2021,600,0,200,289.9
NCD_PAC,Physical_Inactivity_Adults_Crude_Pct,2000,600,0,200,289.9
NCD_PAC,Physical_Inactivity_Adults_Crude_Pct,2001,600,0,200,289.9
NCD_PAC,Physical_Inactivity_Adults_Crude_Pct,2002,600,0,200,289.9
NCD_PAC,Physical_Inactivity_Adults_Crude_Pct,2003,600,0,200,289.9
NCD_PAC,Physical_Inactivity_Adults_Crude_Pct,2004,600,0,200,289.9
NCD_PAC,Physical_Inactivity_Adults_Crude_Pct,2005,600,0,200,289.9
NCD_PAC,Physical_Inactivity_Adults_Crude_Pct,2006,600,0,200,289.9
NCD_PAC,Physical_Inactivity_Adults_Crude_Pct,2007,600,0,200,289.9
NCD_PAC,Physical_Inactivity_Adults_Crude_Pct,2008,600,0,200,289.9
NCD_PAC,Physical_Inactivity_Adults_Crude_Pct,2009,600,0,200,289.9
NCD_PAC,Physical_Inactivity_Adults_Crude_Pct,2010,600,0,200,289.9
NCD_PAC,Physical_Inactivity_Adults_Crude_Pct,2011,600,0,200,289.9
NCD_PAC,Physical_Inactivity_Adults_Crude_Pct,2012,600,0,200,289.9
NCD_PAC,Physical_Inactivity_Adults_Crude_Pct,2013,600,0,200,289.9
NCD_PAC,Physical_Inactivity_Adults_Crude_Pct,2014,600,0,200,289.9
NCD_PAC,Physical_Inactivity_Adults_Crude_Pct,2015,600,0,200,289.9
NCD_PAC,Physical_Inactivity_Adults_Crude_Pct,2016,600,0,200,289.9
NCD_PAC,Physical_Inactivity_Adults_Crude_Pct,2017,600,0,200,289.9
NCD_PAC,Physical_Inactivity_Adults_Crude_Pct,2018,600,0,200,289.9
NCD_PAC,Physical_Inactivity_Adults_Crude_Pct,2019,600,0,200,289.9
NCD_PAC,Physical_Inactivity_Adults_Crude_Pct,2020,600,0,200,289.9
NCD_PAC,Physical_Inactivity_Adults_Crude_Pct,2021,600,0,200,289.9
NCD_PAC_ADO,Physical_Inactivity_Adolescents_Crude_Pct,2001,414,0,138,200.0
NCD_PAC_ADO,Physical_Inactivity_Adolescents_Crude_Pct,2002,414,0,138,200.0
NCD_PAC_ADO,Physical_Inactivity_Adolescents_Crude_Pct,2003,414,0,138,200.0
NCD_PAC_ADO,Physical_Inactivity_Adolescents_Crude_Pct,2004,414,0,138,200.0
NCD_PAC_ADO,Physical_Inactivity_Adolescents_Crude_Pct,2005,414,0,138,200.0
NCD_PAC_ADO,Physical_Inactivity_Adolescents_Crude_Pct,2006,414,0,138,200.0
NCD_PAC_ADO,Physical_Inactivity_Adolescents_Crude_Pct,2007,414,0,138,200.0
NCD_PAC_ADO,Physical_Inactivity_Adolescents_Crude_Pct,2008,414,0,138,200.0
NCD_PAC_ADO,Physical_Inactivity_Adolescents_Crude_Pct,2009,414,0,138,200.0
NCD_PAC_ADO,Physical_Inactivity_Adolescents_Crude_Pct,2010,414,183,199,200.0
NCD_PAC_ADO,Physical_Inactivity_Adolescents_Crude_Pct,2011,414,0,138,200.0
NCD_PAC_ADO,Physical_Inactivity_Adolescents_Crude_Pct,2012,414,0,138,200.0
NCD_PAC_ADO,Physical_Inactivity_Adolescents_Crude_Pct,2013,414,0,138,200.0
NCD_PAC_ADO,Physical_Inactivity_Adolescents_Crude_Pct,2014,414,0,138,200.0
NCD_PAC_ADO,Physical_Inactivity_Adolescents_Crude_Pct,2015,414,0,138,200.0
NCD_PAC_ADO,Physical_Inactivity_Adolescents_Crude_Pct,2016,414,0,138,200.0
NCD_UNDER70,NCD_PrematureDeaths_Under70_Pct,2000,570,0,190,275.4
NCD_UNDER70,NCD_PrematureDeaths_Under70_Pct,2001,570,0,190,275.4
NCD_UNDER70,NCD_PrematureDeaths_Under70_Pct,2002,570,0,190,275.4
NCD_UNDER70,NCD_PrematureDeaths_Under70_Pct,2003,570,0,190,275.4
NCD_UNDER70,NCD_PrematureDeaths_Under70_Pct,2004,570,0,190,275.4
NCD_UNDER70,NCD_PrematureDeaths_Under70_Pct,2005,570,0,190,275.4
NCD_UNDER70,NCD_PrematureDeaths_Under70_Pct,2006,570,0,190,275.4
NCD_UNDER70,NCD_PrematureDeaths_Under70_Pct,2007,570,0,190,275.4
NCD_UNDER70,NCD_PrematureDeaths_Under70_Pct,2008,570,0,190,275.4
NCD_UNDER70,NCD_PrematureDeaths_Under70_Pct,2009,570,0,190,275.4
NCD_UNDER70,NCD_PrematureDeaths_Under70_Pct,2010,570,0,190,275.4
NCD_UNDER70,NCD_PrematureDeaths_Under70_Pct,2011,570,0,190,275.4
NCD_UNDER70,NCD_PrematureDeaths_Under70_Pct,2012,570,0,190,275.4
NCD_UNDER70,NCD_PrematureDeaths_Under70_Pct,2013,570,0,190,275.4
NCD_UNDER70,NCD_PrematureDeaths_Under70_Pct,2014,570,0,190,275.4
NCD_UNDER70,NCD_PrematureDeaths_Under70_Pct,2015,570,0,190,275.4
NCD_UNDER70,NCD_PrematureDeaths_Under70_Pct,2016,570,0,190,275.4
NCD_UNDER70,NCD_PrematureDeaths_Under70_Pct,2017,570,0,190,275.4
NCD_UNDER70,NCD_PrematureDeaths_Under70_Pct,2018,570,0,190,275.4
NCD_UNDER70,NCD_PrematureDeaths_Under70_Pct,2019,570,0,190,275.4
NCD_UNDER70,NCD_PrematureDeaths_Under70_Pct,2020,570,0,190,275.4
NCD_UNDER70,NCD_PrematureDeaths_Under70_Pct,2021,570,0,190,275.4
RS_576,GNI_PerCapita_AtlasMethod_USD,2010,177,0,177,85.5
SA_0000001401,Alcohol_Recorded_PerCapita_3yrAvg_Litres,2005,189,5,194,91.3
SA_0000001401,Alcohol_Recorded_PerCapita_3yrAvg_Litres,2010,190,4,194,91.8
SA_0000001416,Alcohol_HeavyEpisodic_Drinkers_AgeStd_Pct,2000,561,0,187,271.0
SA_0000001416,Alcohol_HeavyEpisodic_Drinkers_AgeStd_Pct,2001,561,0,187,271.0
SA_0000001416,Alcohol_HeavyEpisodic_Drinkers_AgeStd_Pct,2002,561,0,187,271.0
SA_0000001416,Alcohol_HeavyEpisodic_Drinkers_AgeStd_Pct,2003,561,0,187,271.0
SA_0000001416,Alcohol_HeavyEpisodic_Drinkers_AgeStd_Pct,2004,561,0,187,271.0
SA_0000001416,Alcohol_HeavyEpisodic_Drinkers_AgeStd_Pct,2005,561,0,187,271.0
SA_0000001416,Alcohol_HeavyEpisodic_Drinkers_AgeStd_Pct,2006,561,0,187,271.0
SA_0000001416,Alcohol_HeavyEpisodic_Drinkers_AgeStd_Pct,2007,561,0,187,271.0
SA_0000001416,Alcohol_HeavyEpisodic_Drinkers_AgeStd_Pct,2008,561,0,187,271.0
SA_0000001416,Alcohol_HeavyEpisodic_Drinkers_AgeStd_Pct,2009,561,0,187,271.0
SA_0000001416,Alcohol_HeavyEpisodic_Drinkers_AgeStd_Pct,2010,561,0,187,271.0
SA_0000001416,Alcohol_HeavyEpisodic_Drinkers_AgeStd_Pct,2011,561,0,187,271.0
SA_0000001416,Alcohol_HeavyEpisodic_Drinkers_AgeStd_Pct,2012,561,0,187,271.0
SA_0000001416,Alcohol_HeavyEpisodic_Drinkers_AgeStd_Pct,2013,561,0,187,271.0
SA_0000001416,Alcohol_HeavyEpisodic_Drinkers_AgeStd_Pct,2014,561,0,187,271.0
SA_0000001416,Alcohol_HeavyEpisodic_Drinkers_AgeStd_Pct,2015,561,0,187,271.0
SA_0000001416,Alcohol_HeavyEpisodic_Drinkers_AgeStd_Pct,2016,567,15,194,273.9
SA_0000001416,Alcohol_HeavyEpisodic_Drinkers_AgeStd_Pct,2017,561,0,187,271.0
SA_0000001416,Alcohol_HeavyEpisodic_Drinkers_AgeStd_Pct,2018,561,0,187,271.0
SA_0000001416,Alcohol_HeavyEpisodic_Drinkers_AgeStd_Pct,2019,561,0,187,271.0
SA_0000001416,Alcohol_HeavyEpisodic_Drinkers_AgeStd_Pct,2020,561,0,187,271.0
SA_0000001688,Alcohol_PerCapita_Total_LitresPureAlcohol,2000,193,0,193,93.2
SA_0000001688,Alcohol_PerCapita_Total_LitresPureAlcohol,2001,193,0,193,93.2
SA_0000001688,Alcohol_PerCapita_Total_LitresPureAlcohol,2002,193,0,193,93.2
SA_0000001688,Alcohol_PerCapita_Total_LitresPureAlcohol,2003,193,0,193,93.2
SA_0000001688,Alcohol_PerCapita_Total_LitresPureAlcohol,2004,193,0,193,93.2
SA_0000001688,Alcohol_PerCapita_Total_LitresPureAlcohol,2005,193,0,193,93.2
SA_0000001688,Alcohol_PerCapita_Total_LitresPureAlcohol,2006,193,0,193,93.2
SA_0000001688,Alcohol_PerCapita_Total_LitresPureAlcohol,2007,193,0,193,93.2
SA_0000001688,Alcohol_PerCapita_Total_LitresPureAlcohol,2008,193,0,193,93.2
SA_0000001688,Alcohol_PerCapita_Total_LitresPureAlcohol,2009,193,0,193,93.2
SA_0000001688,Alcohol_PerCapita_Total_LitresPureAlcohol,2010,193,0,193,93.2
SA_0000001688,Alcohol_PerCapita_Total_LitresPureAlcohol,2011,193,0,193,93.2
SA_0000001688,Alcohol_PerCapita_Total_LitresPureAlcohol,2012,193,0,193,93.2
SA_0000001688,Alcohol_PerCapita_Total_LitresPureAlcohol,2013,193,0,193,93.2
SA_0000001688,Alcohol_PerCapita_Total_LitresPureAlcohol,2014,193,0,193,93.2
SA_0000001688,Alcohol_PerCapita_Total_LitresPureAlcohol,2015,193,0,193,93.2
SA_0000001688,Alcohol_PerCapita_Total_LitresPureAlcohol,2016,193,0,193,93.2
SA_0000001688,Alcohol_PerCapita_Total_LitresPureAlcohol,2017,193,0,193,93.2
SA_0000001688,Alcohol_PerCapita_Total_LitresPureAlcohol,2018,193,0,193,93.2
SA_0000001688,Alcohol_PerCapita_Total_LitresPureAlcohol,2019,193,0,193,93.2
SA_0000001688,Alcohol_PerCapita_Total_LitresPureAlcohol,2020,193,0,193,93.2
SA_0000001688,Alcohol_PerCapita_Total_LitresPureAlcohol,2021,193,0,193,93.2
SA_0000001739,Alcohol_HeavyEpisodic_Population_AgeStd_Pct,2000,561,0,187,271.0
SA_0000001739,Alcohol_HeavyEpisodic_Population_AgeStd_Pct,2001,561,0,187,271.0
SA_0000001739,Alcohol_HeavyEpisodic_Population_AgeStd_Pct,2002,561,0,187,271.0
SA_0000001739,Alcohol_HeavyEpisodic_Population_AgeStd_Pct,2003,561,0,187,271.0
SA_0000001739,Alcohol_HeavyEpisodic_Population_AgeStd_Pct,2004,561,0,187,271.0
SA_0000001739,Alcohol_HeavyEpisodic_Population_AgeStd_Pct,2005,561,0,187,271.0
SA_0000001739,Alcohol_HeavyEpisodic_Population_AgeStd_Pct,2006,561,0,187,271.0
SA_0000001739,Alcohol_HeavyEpisodic_Population_AgeStd_Pct,2007,561,0,187,271.0
SA_0000001739,Alcohol_HeavyEpisodic_Population_AgeStd_Pct,2008,561,0,187,271.0
SA_0000001739,Alcohol_HeavyEpisodic_Population_AgeStd_Pct,2009,561,0,187,271.0
SA_0000001739,Alcohol_HeavyEpisodic_Population_AgeStd_Pct,2010,563,5,194,272.0
SA_0000001739,Alcohol_HeavyEpisodic_Population_AgeStd_Pct,2011,561,0,187,271.0
SA_0000001739,Alcohol_HeavyEpisodic_Population_AgeStd_Pct,2012,561,0,187,271.0
SA_0000001739,Alcohol_HeavyEpisodic_Population_AgeStd_Pct,2013,561,0,187,271.0
SA_0000001739,Alcohol_HeavyEpisodic_Population_AgeStd_Pct,2014,561,0,187,271.0
SA_0000001739,Alcohol_HeavyEpisodic_Population_AgeStd_Pct,2015,561,0,187,271.0
SA_0000001739,Alcohol_HeavyEpisodic_Population_AgeStd_Pct,2016,567,15,194,273.9
SA_0000001739,Alcohol_HeavyEpisodic_Population_AgeStd_Pct,2017,561,0,187,271.0
SA_0000001739,Alcohol_HeavyEpisodic_Population_AgeStd_Pct,2018,561,0,187,271.0
SA_0000001739,Alcohol_HeavyEpisodic_Population_AgeStd_Pct,2019,561,0,187,271.0
SA_0000001739,Alcohol_HeavyEpisodic_Population_AgeStd_Pct,2020,561,0,187,271.0
SDGAIRBOD,AirPollution_Household_Ambient_DeathRate_Per100k,2019,4359,0,188,2105.8
SDGPM25,AirPollution_PM25_Concentration,2010,970,0,200,468.6
SDGPM25,AirPollution_PM25_Concentration,2011,970,0,200,468.6
SDGPM25,AirPollution_PM25_Concentration,2012,970,0,200,468.6
SDGPM25,AirPollution_PM25_Concentration,2013,970,0,200,468.6
SDGPM25,AirPollution_PM25_Concentration,2014,970,0,200,468.6
SDGPM25,AirPollution_PM25_Concentration,2015,970,0,200,468.6
SDGPM25,AirPollution_PM25_Concentration,2016,970,0,200,468.6
SDGPM25,AirPollution_PM25_Concentration,2017,970,0,200,468.6
SDGPM25,AirPollution_PM25_Concentration,2018,970,0,200,468.6
SDGPM25,AirPollution_PM25_Concentration,2019,970,0,200,468.6
SDGSUICIDE,Suicide_Rate_Crude_Per100k,2000,570,0,190,275.4
SDGSUICIDE,Suicide_Rate_Crude_Per100k,2001,570,0,190,275.4
SDGSUICIDE,Suicide_Rate_Crude_Per100k,2002,570,0,190,275.4
SDGSUICIDE,Suicide_Rate_Crude_Per100k,2003,570,0,190,275.4
SDGSUICIDE,Suicide_Rate_Crude_Per100k,2004,570,0,190,275.4
SDGSUICIDE,Suicide_Rate_Crude_Per100k,2005,570,0,190,275.4
SDGSUICIDE,Suicide_Rate_Crude_Per100k,2006,570,0,190,275.4
SDGSUICIDE,Suicide_Rate_Crude_Per100k,2007,570,0,190,275.4
SDGSUICIDE,Suicide_Rate_Crude_Per100k,2008,570,0,190,275.4
SDGSUICIDE,Suicide_Rate_Crude_Per100k,2009,570,0,190,275.4
SDGSUICIDE,Suicide_Rate_Crude_Per100k,2010,570,0,190,275.4
SDGSUICIDE,Suicide_Rate_Crude_Per100k,2011,570,0,190,275.4
SDGSUICIDE,Suicide_Rate_Crude_Per100k,2012,570,0,190,275.4
SDGSUICIDE,Suicide_Rate_Crude_Per100k,2013,570,0,190,275.4
SDGSUICIDE,Suicide_Rate_Crude_Per100k,2014,570,0,190,275.4
SDGSUICIDE,Suicide_Rate_Crude_Per100k,2015,570,0,190,275.4
SDGSUICIDE,Suicide_Rate_Crude_Per100k,2016,570,0,190,275.4
SDGSUICIDE,Suicide_Rate_Crude_Per100k,2017,570,0,190,275.4
SDGSUICIDE,Suicide_Rate_Crude_Per100k,2018,570,0,190,275.4
SDGSUICIDE,Suicide_Rate_Crude_Per100k,2019,570,0,190,275.4
SDGSUICIDE,Suicide_Rate_Crude_Per100k,2020,570,0,190,275.4
SDGSUICIDE,Suicide_Rate_Crude_Per100k,2021,6675,0,190,3224.6
SI_POV_DAY1,Poverty_Below190USD_Pct,2000,35,0,35,16.9
SI_POV_DAY1,Poverty_Below190USD_Pct,2001,35,0,35,16.9
SI_POV_DAY1,Poverty_Below190USD_Pct,2002,49,0,49,23.7
SI_POV_DAY1,Poverty_Below190USD_Pct,2003,56,0,56,27.1
SI_POV_DAY1,Poverty_Below190USD_Pct,2004,71,0,71,34.3
SI_POV_DAY1,Poverty_Below190USD_Pct,2005,74,0,74,35.7
SI_POV_DAY1,Poverty_Below190USD_Pct,2006,73,0,73,35.3
SI_POV_DAY1,Poverty_Below190USD_Pct,2007,72,0,72,34.8
SI_POV_DAY1,Poverty_Below190USD_Pct,2008,74,0,74,35.7
SI_POV_DAY1,Poverty_Below190USD_Pct,2009,77,0,77,37.2
SI_POV_DAY1,Poverty_Below190USD_Pct,2010,83,0,83,40.1
SI_POV_DAY1,Poverty_Below190USD_Pct,2011,75,0,75,36.2
SI_POV_DAY1,Poverty_Below190USD_Pct,2012,77,0,77,37.2
SI_POV_DAY1,Poverty_Below190USD_Pct,2013,75,0,75,36.2
SI_POV_DAY1,Poverty_Below190USD_Pct,2014,74,0,74,35.7
SI_POV_DAY1,Poverty_Below190USD_Pct,2015,74,0,74,35.7
SI_POV_DAY1,Poverty_Below190USD_Pct,2016,38,0,38,18.4
SI_POV_DAY1,Poverty_Below190USD_Pct,2017,24,0,24,11.6
UHC_INDEX_REPORTED,UHC_Service_Coverage_Index_SDG381,2000,200,0,200,96.6
UHC_INDEX_REPORTED,UHC_Service_Coverage_Index_SDG381,2001,200,0,200,96.6
UHC_INDEX_REPORTED,UHC_Service_Coverage_Index_SDG381,2002,200,0,200,96.6
UHC_INDEX_REPORTED,UHC_Service_Coverage_Index_SDG381,2003,200,0,200,96.6
UHC_INDEX_REPORTED,UHC_Service_Coverage_Index_SDG381,2004,200,0,200,96.6
UHC_INDEX_REPORTED,UHC_Service_Coverage_Index_SDG381,2005,200,0,200,96.6
UHC_INDEX_REPORTED,UHC_Service_Coverage_Index_SDG381,2006,200,0,200,96.6
UHC_INDEX_REPORTED,UHC_Service_Coverage_Index_SDG381,2007,200,0,200,96.6
UHC_INDEX_REPORTED,UHC_Service_Coverage_Index_SDG381,2008,200,0,200,96.6
UHC_INDEX_REPORTED,UHC_Service_Coverage_Index_SDG381,2009,200,0,200,96.6
UHC_INDEX_REPORTED,UHC_Service_Coverage_Index_SDG381,2010,200,0,200,96.6
UHC_INDEX_REPORTED,UHC_Service_Coverage_Index_SDG381,2011,200,0,200,96.6
UHC_INDEX_REPORTED,UHC_Service_Coverage_Index_SDG381,2012,200,0,200,96.6
UHC_INDEX_REPORTED,UHC_Service_Coverage_Index_SDG381,2013,200,0,200,96.6
UHC_INDEX_REPORTED,UHC_Service_Coverage_Index_SDG381,2014,200,0,200,96.6
UHC_INDEX_REPORTED,UHC_Service_Coverage_Index_SDG381,2015,200,0,200,96.6
UHC_INDEX_REPORTED,UHC_Service_Coverage_Index_SDG381,2016,200,0,200,96.6
UHC_INDEX_REPORTED,UHC_Service_Coverage_Index_SDG381,2017,200,0,200,96.6
UHC_INDEX_REPORTED,UHC_Service_Coverage_Index_SDG381,2018,200,0,200,96.6
UHC_INDEX_REPORTED,UHC_Service_Coverage_Index_SDG381,2019,200,0,200,96.6
UHC_INDEX_REPORTED,UHC_Service_Coverage_Index_SDG381,2020,200,0,200,96.6
UHC_INDEX_REPORTED,UHC_Service_Coverage_Index_SDG381,2021,200,0,200,96.6
UHC_SCI_NCD,UHC_SubIndex_NCD_Coverage,2000,200,0,200,96.6
UHC_SCI_NCD,UHC_SubIndex_NCD_Coverage,2001,200,0,200,96.6
UHC_SCI_NCD,UHC_SubIndex_NCD_Coverage,2002,200,0,200,96.6
UHC_SCI_NCD,UHC_SubIndex_NCD_Coverage,2003,200,0,200,96.6
UHC_SCI_NCD,UHC_SubIndex_NCD_Coverage,2004,200,0,200,96.6
UHC_SCI_NCD,UHC_SubIndex_NCD_Coverage,2005,200,0,200,96.6
UHC_SCI_NCD,UHC_SubIndex_NCD_Coverage,2006,200,0,200,96.6
UHC_SCI_NCD,UHC_SubIndex_NCD_Coverage,2007,200,0,200,96.6
UHC_SCI_NCD,UHC_SubIndex_NCD_Coverage,2008,200,0,200,96.6
UHC_SCI_NCD,UHC_SubIndex_NCD_Coverage,2009,200,0,200,96.6
UHC_SCI_NCD,UHC_SubIndex_NCD_Coverage,2010,200,0,200,96.6
UHC_SCI_NCD,UHC_SubIndex_NCD_Coverage,2011,200,0,200,96.6
UHC_SCI_NCD,UHC_SubIndex_NCD_Coverage,2012,200,0,200,96.6
UHC_SCI_NCD,UHC_SubIndex_NCD_Coverage,2013,200,0,200,96.6
UHC_SCI_NCD,UHC_SubIndex_NCD_Coverage,2014,200,0,200,96.6
UHC_SCI_NCD,UHC_SubIndex_NCD_Coverage,2015,200,0,200,96.6
UHC_SCI_NCD,UHC_SubIndex_NCD_Coverage,2016,200,0,200,96.6
UHC_SCI_NCD,UHC_SubIndex_NCD_Coverage,2017,200,0,200,96.6
UHC_SCI_NCD,UHC_SubIndex_NCD_Coverage,2018,200,0,200,96.6
UHC_SCI_NCD,UHC_SubIndex_NCD_Coverage,2019,200,0,200,96.6
UHC_SCI_NCD,UHC_SubIndex_NCD_Coverage,2020,200,0,200,96.6
UHC_SCI_NCD,UHC_SubIndex_NCD_Coverage,2021,200,0,200,96.6
WHOSIS_000001,Life_Expectancy_Birth_Years,2000,570,0,190,275.4
WHOSIS_000001,Life_Expectancy_Birth_Years,2001,570,0,190,275.4
WHOSIS_000001,Life_Expectancy_Birth_Years,2002,570,0,190,275.4
WHOSIS_000001,Life_Expectancy_Birth_Years,2003,570,0,190,275.4
WHOSIS_000001,Life_Expectancy_Birth_Years,2004,570,0,190,275.4
WHOSIS_000001,Life_Expectancy_Birth_Years,2005,570,0,190,275.4
WHOSIS_000001,Life_Expectancy_Birth_Years,2006,570,0,190,275.4
WHOSIS_000001,Life_Expectancy_Birth_Years,2007,570,0,190,275.4
WHOSIS_000001,Life_Expectancy_Birth_Years,2008,570,0,190,275.4
WHOSIS_000001,Life_Expectancy_Birth_Years,2009,570,0,190,275.4
WHOSIS_000001,Life_Expectancy_Birth_Years,2010,570,0,190,275.4
WHOSIS_000001,Life_Expectancy_Birth_Years,2011,570,0,190,275.4
WHOSIS_000001,Life_Expectancy_Birth_Years,2012,570,0,190,275.4
WHOSIS_000001,Life_Expectancy_Birth_Years,2013,570,0,190,275.4
WHOSIS_000001,Life_Expectancy_Birth_Years,2014,570,0,190,275.4
WHOSIS_000001,Life_Expectancy_Birth_Years,2015,570,0,190,275.4
WHOSIS_000001,Life_Expectancy_Birth_Years,2016,570,0,190,275.4
WHOSIS_000001,Life_Expectancy_Birth_Years,2017,570,0,190,275.4
WHOSIS_000001,Life_Expectancy_Birth_Years,2018,570,0,190,275.4
WHOSIS_000001,Life_Expectancy_Birth_Years,2019,570,0,190,275.4
WHOSIS_000001,Life_Expectancy_Birth_Years,2020,570,0,190,275.4
WHOSIS_000001,Life_Expectancy_Birth_Years,2021,570,0,190,275.4
WHOSIS_000002,HALE_Healthy_Life_Expectancy_Birth_Years,2000,570,0,190,275.4
WHOSIS_000002,HALE_Healthy_Life_Expectancy_Birth_Years,2001,570,0,190,275.4
WHOSIS_000002,HALE_Healthy_Life_Expectancy_Birth_Years,2002,570,0,190,275.4
WHOSIS_000002,HALE_Healthy_Life_Expectancy_Birth_Years,2003,570,0,190,275.4
WHOSIS_000002,HALE_Healthy_Life_Expectancy_Birth_Years,2004,570,0,190,275.4
WHOSIS_000002,HALE_Healthy_Life_Expectancy_Birth_Years,2005,570,0,190,275.4
WHOSIS_000002,HALE_Healthy_Life_Expectancy_Birth_Years,2006,570,0,190,275.4
WHOSIS_000002,HALE_Healthy_Life_Expectancy_Birth_Years,2007,570,0,190,275.4
WHOSIS_000002,HALE_Healthy_Life_Expectancy_Birth_Years,2008,570,0,190,275.4
WHOSIS_000002,HALE_Healthy_Life_Expectancy_Birth_Years,2009,570,0,190,275.4
WHOSIS_000002,HALE_Healthy_Life_Expectancy_Birth_Years,2010,570,0,190,275.4
WHOSIS_000002,HALE_Healthy_Life_Expectancy_Birth_Years,2011,570,0,190,275.4
WHOSIS_000002,HALE_Healthy_Life_Expectancy_Birth_Years,2012,570,0,190,275.4
WHOSIS_000002,HALE_Healthy_Life_Expectancy_Birth_Years,2013,570,0,190,275.4
WHOSIS_000002,HALE_Healthy_Life_Expectancy_Birth_Years,2014,570,0,190,275.4
WHOSIS_000002,HALE_Healthy_Life_Expectancy_Birth_Years,2015,570,0,190,275.4
WHOSIS_000002,HALE_Healthy_Life_Expectancy_Birth_Years,2016,570,0,190,275.4
WHOSIS_000002,HALE_Healthy_Life_Expectancy_Birth_Years,2017,570,0,190,275.4
WHOSIS_000002,HALE_Healthy_Life_Expectancy_Birth_Years,2018,570,0,190,275.4
WHOSIS_000002,HALE_Healthy_Life_Expectancy_Birth_Years,2019,570,0,190,275.4
WHOSIS_000002,HALE_Healthy_Life_Expectancy_Birth_Years,2020,570,0,190,275.4
WHOSIS_000002,HALE_Healthy_Life_Expectancy_Birth_Years,2021,570,0,190,275.4
WHOSIS_000004,Adult_Mortality_Rate_Per1000,2000,570,0,190,275.4
WHOSIS_000004,Adult_Mortality_Rate_Per1000,2001,570,0,190,275.4
WHOSIS_000004,Adult_Mortality_Rate_Per1000,2002,570,0,190,275.4
WHOSIS_000004,Adult_Mortality_Rate_Per1000,2003,570,0,190,275.4
WHOSIS_000004,Adult_Mortality_Rate_Per1000,2004,570,0,190,275.4
WHOSIS_000004,Adult_Mortality_Rate_Per1000,2005,570,0,190,275.4
WHOSIS_000004,Adult_Mortality_Rate_Per1000,2006,570,0,190,275.4
WHOSIS_000004,Adult_Mortality_Rate_Per1000,2007,570,0,190,275.4
WHOSIS_000004,Adult_Mortality_Rate_Per1000,2008,570,0,190,275.4
WHOSIS_000004,Adult_Mortality_Rate_Per1000,2009,570,0,190,275.4
WHOSIS_000004,Adult_Mortality_Rate_Per1000,2010,570,0,190,275.4
WHOSIS_000004,Adult_Mortality_Rate_Per1000,2011,570,0,190,275.4
WHOSIS_000004,Adult_Mortality_Rate_Per1000,2012,570,0,190,275.4
WHOSIS_000004,Adult_Mortality_Rate_Per1000,2013,570,0,190,275.4
WHOSIS_000004,Adult_Mortality_Rate_Per1000,2014,570,0,190,275.4
WHOSIS_000004,Adult_Mortality_Rate_Per1000,2015,570,0,190,275.4
WHOSIS_000004,Adult_Mortality_Rate_Per1000,2016,570,0,190,275.4
WHOSIS_000004,Adult_Mortality_Rate_Per1000,2017,570,0,190,275.4
WHOSIS_000004,Adult_Mortality_Rate_Per1000,2018,570,0,190,275.4
WHOSIS_000004,Adult_Mortality_Rate_Per1000,2019,570,0,190,275.4
WHOSIS_000004,Adult_Mortality_Rate_Per1000,2020,570,0,190,275.4
WHOSIS_000004,Adult_Mortality_Rate_Per1000,2021,570,0,190,275.4
WHS2_131,NCD_Mortality_Rate_AgeStd_Per100k,2000,570,0,190,275.4
WHS2_131,NCD_Mortality_Rate_AgeStd_Per100k,2001,570,0,190,275.4
WHS2_131,NCD_Mortality_Rate_AgeStd_Per100k,2002,570,0,190,275.4
WHS2_131,NCD_Mortality_Rate_AgeStd_Per100k,2003,570,0,190,275.4
WHS2_131,NCD_Mortality_Rate_AgeStd_Per100k,2004,570,0,190,275.4
WHS2_131,NCD_Mortality_Rate_AgeStd_Per100k,2005,570,0,190,275.4
WHS2_131,NCD_Mortality_Rate_AgeStd_Per100k,2006,570,0,190,275.4
WHS2_131,NCD_Mortality_Rate_AgeStd_Per100k,2007,570,0,190,275.4
WHS2_131,NCD_Mortality_Rate_AgeStd_Per100k,2008,570,0,190,275.4
WHS2_131,NCD_Mortality_Rate_AgeStd_Per100k,2009,570,0,190,275.4
WHS2_131,NCD_Mortality_Rate_AgeStd_Per100k,2010,570,0,190,275.4
WHS2_131,NCD_Mortality_Rate_AgeStd_Per100k,2011,570,0,190,275.4
WHS2_131,NCD_Mortality_Rate_AgeStd_Per100k,2012,570,0,190,275.4
WHS2_131,NCD_Mortality_Rate_AgeStd_Per100k,2013,570,0,190,275.4
WHS2_131,NCD_Mortality_Rate_AgeStd_Per100k,2014,570,0,190,275.4
WHS2_131,NCD_Mortality_Rate_AgeStd_Per100k,2015,570,0,190,275.4
WHS2_131,NCD_Mortality_Rate_AgeStd_Per100k,2016,570,0,190,275.4
WHS2_131,NCD_Mortality_Rate_AgeStd_Per100k,2017,570,0,190,275.4
WHS2_131,NCD_Mortality_Rate_AgeStd_Per100k,2018,570,0,190,275.4
WHS2_131,NCD_Mortality_Rate_AgeStd_Per100k,2019,570,0,190,275.4
WHS2_131,NCD_Mortality_Rate_AgeStd_Per100k,2020,570,0,190,275.4
WHS2_131,NCD_Mortality_Rate_AgeStd_Per100k,2021,570,0,190,275.4
WHS6_102,Hospital_Beds_Per10k_Population,2000,93,0,93,44.9
WHS6_102,Hospital_Beds_Per10k_Population,2001,94,0,94,45.4
WHS6_102,Hospital_Beds_Per10k_Population,2002,98,0,98,47.3
WHS6_102,Hospital_Beds_Per10k_Population,2003,102,0,102,49.3
WHS6_102,Hospital_Beds_Per10k_Population,2004,106,0,106,51.2
WHS6_102,Hospital_Beds_Per10k_Population,2005,113,0,113,54.6
WHS6_102,Hospital_Beds_Per10k_Population,2006,120,0,120,58.0
WHS6_102,Hospital_Beds_Per10k_Population,2007,115,0,115,55.6
WHS6_102,Hospital_Beds_Per10k_Population,2008,122,0,122,58.9
WHS6_102,Hospital_Beds_Per10k_Population,2009,128,0,128,61.8
WHS6_102,Hospital_Beds_Per10k_Population,2010,144,0,144,69.6
WHS6_102,Hospital_Beds_Per10k_Population,2011,143,0,143,69.1
WHS6_102,Hospital_Beds_Per10k_Population,2012,140,0,140,67.6
WHS6_102,Hospital_Beds_Per10k_Population,2013,147,0,147,71.0
WHS6_102,Hospital_Beds_Per10k_Population,2014,145,0,145,70.0
WHS6_102,Hospital_Beds_Per10k_Population,2015,144,0,144,69.6
WHS6_102,Hospital_Beds_Per10k_Population,2016,142,0,142,68.6
WHS6_102,Hospital_Beds_Per10k_Population,2017,140,0,140,67.6
WHS6_102,Hospital_Beds_Per10k_Population,2018,139,0,139,67.1
WHS6_102,Hospital_Beds_Per10k_Population,2019,138,0,138,66.7
WHS6_102,Hospital_Beds_Per10k_Population,2020,133,0,133,64.3
WHS6_102,Hospital_Beds_Per10k_Population,2021,126,0,126,60.9
